Date,price,symbol
2023-01-03,125.06999969482422,AAPL
2023-01-03,89.12000274658203,GOOGL
2023-01-03,239.5800018310547,MSFT
2023-01-03,14.3149995803833,NVDA
2023-01-04,126.36000061035156,AAPL
2023-01-04,88.08000183105469,GOOGL
2023-01-04,229.10000610351562,MSFT
2023-01-04,14.74899959564209,NVDA
2023-01-05,125.0199966430664,AAPL
2023-01-05,86.19999694824219,GOOGL
2023-01-05,222.30999755859375,MSFT
2023-01-05,14.265000343322754,NVDA
2023-01-06,129.6199951171875,AAPL
2023-01-06,87.339996337890625,GOOGL
2023-01-06,224.92999267578125,MSFT
2023-01-06,14.859000205993652,NVDA
2023-01-09,130.14999389648438,AAPL
2023-01-09,88.0199966430664,GOOGL
2023-01-09,227.1199951171875,MSFT
2023-01-09,15.628000259399414,NVDA
2023-01-10,130.72999572753906,AAPL
2023-01-10,88.41999816894531,GOOGL
2023-01-10,228.85000610351562,MSFT
2023-01-10,15.909000396728516,NVDA
2023-01-11,133.49000549316406,AAPL
2023-01-11,91.5199966430664,GOOGL
2023-01-11,235.77000427246094,MSFT
2023-01-11,16.000999450683594,NVDA
2023-01-12,133.41000366210938,AAPL
2023-01-12,91.12999725341797,GOOGL
2023-01-12,238.50999450683594,MSFT
2023-01-12,16.51099967956543,NVDA
2023-01-13,134.75999450683594,AAPL
2023-01-13,92.12000274658203,GOOGL
2023-01-13,239.22999572753906,MSFT
2023-01-13,16.89900016784668,NVDA
2023-01-17,135.94000244140625,AAPL
2023-01-17,91.29000091552734,GOOGL
2023-01-17,240.35000610351562,MSFT
2023-01-17,17.70199966430664,NVDA
2023-01-18,135.2100067138672,AAPL
2023-01-18,91.12000274658203,GOOGL
2023-01-18,235.80999755859375,MSFT
2023-01-18,17.37700080871582,NVDA
2023-01-19,135.27000427246094,AAPL
2023-01-19,93.05000305175781,GOOGL
2023-01-19,231.92999267578125,MSFT
2023-01-19,16.764999389648438,NVDA
2023-01-20,137.8699951171875,AAPL
2023-01-20,98.0199966430664,GOOGL
2023-01-20,240.22000122070312,MSFT
2023-01-20,17.839000701904297,NVDA
2023-01-23,141.11000061035156,AAPL
2023-01-23,99.79000091552734,GOOGL
2023-01-23,242.5800018310547,MSFT
2023-01-23,19.19300079345703,NVDA
2023-01-24,142.52999877929688,AAPL
2023-01-24,97.69999694824219,GOOGL
2023-01-24,242.0399932861328,MSFT
2023-01-24,19.264999389648438,NVDA
2023-01-25,141.86000061035156,AAPL
2023-01-25,95.220001220703125,GOOGL
2023-01-25,240.61000061035156,MSFT
2023-01-25,19.322999954223633,NVDA
2023-01-26,143.9600067138672,AAPL
2023-01-26,97.5199966430664,GOOGL
2023-01-26,248,MSFT
2023-01-26,19.802000045776367,NVDA
2023-01-27,145.92999267578125,AAPL
2023-01-27,99.37000274658203,GOOGL
2023-01-27,248.16000366210938,MSFT
2023-01-27,20.364999771118164,NVDA
2023-01-30,143,AAPL
2023-01-30,96.94000244140625,GOOGL
2023-01-30,242.7100067138672,MSFT
2023-01-30,19.16200065612793,NVDA
2023-01-31,144.2899932861328,AAPL
2023-01-31,98.839996337890625,GOOGL
2023-01-31,247.80999755859375,MSFT
2023-01-31,19.53700065612793,NVDA
2023-02-01,145.42999267578125,AAPL
2023-02-01,100.43000030517578,GOOGL
2023-02-01,252.75,MSFT
2023-02-01,20.94300079345703,NVDA
2023-02-02,150.82000732421875,AAPL
2023-02-02,107.73999786376953,GOOGL
2023-02-02,264.6000061035156,MSFT
2023-02-02,21.708999633789062,NVDA
2023-02-03,154.5,AAPL
2023-02-03,104.77999877929688,GOOGL
2023-02-03,258.3500061035156,MSFT
2023-02-03,21.100000381469727,NVDA
2023-02-06,151.72999572753906,AAPL
2023-02-06,102.9000015258789,GOOGL
2023-02-06,256.7699890136719,MSFT
2023-02-06,21.089000701904297,NVDA
2023-02-07,154.64999389648438,AAPL
2023-02-07,107.63999938964844,GOOGL
2023-02-07,267.55999755859375,MSFT
2023-02-07,22.17300033569336,NVDA
2023-02-08,151.9199981689453,AAPL
2023-02-08,99.37000274658203,GOOGL
2023-02-08,266.7300109863281,MSFT
2023-02-08,22.204999923706055,NVDA
2023-02-09,150.8699951171875,AAPL
2023-02-09,95.01000213623047,GOOGL
2023-02-09,263.6199951171875,MSFT
2023-02-09,22.336999893188477,NVDA
2023-02-10,151.00999450683594,AAPL
2023-02-10,94.56999969482422,GOOGL
2023-02-10,263.1000061035156,MSFT
2023-02-10,21.264999389648438,NVDA
2023-02-13,153.85000610351562,AAPL
2023-02-13,94.61000061035156,GOOGL
2023-02-13,271.32000732421875,MSFT
2023-02-13,21.788000106811523,NVDA
2023-02-14,153.1999969482422,AAPL
2023-02-14,94.68000030517578,GOOGL
2023-02-14,272.1700134277344,MSFT
2023-02-14,22.97100067138672,NVDA
2023-02-15,155.3300018310547,AAPL
2023-02-15,96.94000244140625,GOOGL
2023-02-15,269.32000732421875,MSFT
2023-02-15,22.763999938964844,NVDA
2023-02-16,153.7100067138672,AAPL
2023-02-16,95.51000213623047,GOOGL
2023-02-16,262.1499938964844,MSFT
2023-02-16,22.00200080871582,NVDA
2023-02-17,152.5500030517578,AAPL
2023-02-17,94.3499984741211,GOOGL
2023-02-17,258.05999755859375,MSFT
2023-02-17,21.38800048828125,NVDA
2023-02-21,148.47999572753906,AAPL
2023-02-21,91.79000091552734,GOOGL
2023-02-21,252.6699981689453,MSFT
2023-02-21,20.655000686645508,NVDA
2023-02-22,148.91000366210938,AAPL
2023-02-22,91.6500015258789,GOOGL
2023-02-22,251.50999450683594,MSFT
2023-02-22,20.753999710083008,NVDA
2023-02-23,149.39999389648438,AAPL
2023-02-23,90.88999938964844,GOOGL
2023-02-23,254.77000427246094,MSFT
2023-02-23,23.663999557495117,NVDA
2023-02-24,146.7100067138672,AAPL
2023-02-24,89.12999725341797,GOOGL
2023-02-24,249.22000122070312,MSFT
2023-02-24,23.285999298095703,NVDA
2023-02-27,147.9199981689453,AAPL
2023-02-27,89.87000274658203,GOOGL
2023-02-27,250.16000366210938,MSFT
2023-02-27,23.500999450683594,NVDA
2023-02-28,147.41000366210938,AAPL
2023-02-28,90.05999755859375,GOOGL
2023-02-28,249.4199981689453,MSFT
2023-02-28,23.215999603271484,NVDA
2023-03-01,145.30999755859375,AAPL
2023-03-01,90.36000061035156,GOOGL
2023-03-01,246.27000427246094,MSFT
2023-03-01,22.697999954223633,NVDA
2023-03-02,145.91000366210938,AAPL
2023-03-02,92,GOOGL
2023-03-02,251.11000061035156,MSFT
2023-03-02,23.31399917602539,NVDA
2023-03-03,151.02999877929688,AAPL
2023-03-03,93.6500015258789,GOOGL
2023-03-03,255.2899932861328,MSFT
2023-03-03,23.889999389648438,NVDA
2023-03-06,153.8300018310547,AAPL
2023-03-06,95.12999725341797,GOOGL
2023-03-06,256.8699951171875,MSFT
2023-03-06,23.554000854492188,NVDA
2023-03-07,151.60000610351562,AAPL
2023-03-07,93.86000061035156,GOOGL
2023-03-07,254.14999389648438,MSFT
2023-03-07,23.288000106811523,NVDA
2023-03-08,152.8699951171875,AAPL
2023-03-08,94.25,GOOGL
2023-03-08,253.6999969482422,MSFT
2023-03-08,24.180999755859375,NVDA
2023-03-09,150.58999633789062,AAPL
2023-03-09,92.31999969482422,GOOGL
2023-03-09,252.32000732421875,MSFT
2023-03-09,23.43600082397461,NVDA
2023-03-10,148.5,AAPL
2023-03-10,90.62999725341797,GOOGL
2023-03-10,248.58999633789062,MSFT
2023-03-10,22.96500015258789,NVDA
2023-03-13,150.47000122070312,AAPL
2023-03-13,91.11000061035156,GOOGL
2023-03-13,253.9199981689453,MSFT
2023-03-13,22.965999603271484,NVDA
2023-03-14,152.58999633789062,AAPL
2023-03-14,93.970001220703125,GOOGL
2023-03-14,260.7900085449219,MSFT
2023-03-14,24.062999725341797,NVDA
2023-03-15,152.99000549316406,AAPL
2023-03-15,96.11000061035156,GOOGL
2023-03-15,265.44000244140625,MSFT
2023-03-15,24.22800064086914,NVDA
2023-03-16,155.85000610351562,AAPL
2023-03-16,100.31999969482422,GOOGL
2023-03-16,276.20001220703125,MSFT
2023-03-16,25.541000366210938,NVDA
2023-03-17,155,AAPL
2023-03-17,101.62000274658203,GOOGL
2023-03-17,279.42999267578125,MSFT
2023-03-17,25.725000381469727,NVDA
2023-03-20,157.39999389648438,AAPL
2023-03-20,101.22000122070312,GOOGL
2023-03-20,272.2300109863281,MSFT
2023-03-20,25.899999618530273,NVDA
2023-03-21,159.27999877929688,AAPL
2023-03-21,104.91999816894531,GOOGL
2023-03-21,273.7799987792969,MSFT
2023-03-21,26.198999404907227,NVDA
2023-03-22,157.8300018310547,AAPL
2023-03-22,103.37000274658203,GOOGL
2023-03-22,272.2900085449219,MSFT
2023-03-22,26.468000411987305,NVDA
2023-03-23,158.92999267578125,AAPL
2023-03-23,105.5999984741211,GOOGL
2023-03-23,277.6600036621094,MSFT
2023-03-23,27.19099998474121,NVDA
2023-03-24,160.25,AAPL
2023-03-24,105.44000244140625,GOOGL
2023-03-24,280.57000732421875,MSFT
2023-03-24,26.77899932861328,NVDA
2023-03-27,158.27999877929688,AAPL
2023-03-27,102.45999908447266,GOOGL
2023-03-27,276.3800048828125,MSFT
2023-03-27,26.5310001373291,NVDA
2023-03-28,157.64999389648438,AAPL
2023-03-28,101.02999877929688,GOOGL
2023-03-28,275.2300109863281,MSFT
2023-03-28,26.40999984741211,NVDA
2023-03-29,160.77000427246094,AAPL
2023-03-29,101.38999938964844,GOOGL
2023-03-29,280.510009765625,MSFT
2023-03-29,26.983999252319336,NVDA
2023-03-30,162.36000061035156,AAPL
2023-03-30,100.88999938964844,GOOGL
2023-03-30,284.04998779296875,MSFT
2023-03-30,27.382999420166016,NVDA
2023-03-31,164.89999389648438,AAPL
2023-03-31,103.7300033569336,GOOGL
2023-03-31,288.29998779296875,MSFT
2023-03-31,27.777000427246094,NVDA
2023-04-03,166.1699981689453,AAPL
2023-04-03,104.36000061035156,GOOGL
2023-04-03,287.2300109863281,MSFT
2023-04-03,27.96500015258789,NVDA
2023-04-04,165.6300048828125,AAPL
2023-04-04,104.72000122070312,GOOGL
2023-04-04,287.17999267578125,MSFT
2023-04-04,27.452999114990234,NVDA
2023-04-05,163.75999450683594,AAPL
2023-04-05,104.47000122070312,GOOGL
2023-04-05,284.3399963378906,MSFT
2023-04-05,26.881000518798828,NVDA
2023-04-06,164.66000366210938,AAPL
2023-04-06,108.41999816894531,GOOGL
2023-04-06,291.6000061035156,MSFT
2023-04-06,27.03700065612793,NVDA
2023-04-10,162.02999877929688,AAPL
2023-04-10,106.44000244140625,GOOGL
2023-04-10,289.3900146484375,MSFT
2023-04-10,27.57900047302246,NVDA
2023-04-11,160.8000030517578,AAPL
2023-04-11,105.3499984741211,GOOGL
2023-04-11,282.8299865722656,MSFT
2023-04-11,27.16900062561035,NVDA
2023-04-12,160.10000610351562,AAPL
2023-04-12,104.63999938964844,GOOGL
2023-04-12,283.489990234375,MSFT
2023-04-12,26.4950008392334,NVDA
2023-04-13,165.55999755859375,AAPL
2023-04-13,107.43000030517578,GOOGL
2023-04-13,289.8399963378906,MSFT
2023-04-13,26.46299934387207,NVDA
2023-04-14,165.2100067138672,AAPL
2023-04-14,108.87000274658203,GOOGL
2023-04-14,286.1400146484375,MSFT
2023-04-14,26.757999420166016,NVDA
2023-04-17,165.22999572753906,AAPL
2023-04-17,105.97000122070312,GOOGL
2023-04-17,288.79998779296875,MSFT
2023-04-17,27.00200080871582,NVDA
2023-04-18,166.47000122070312,AAPL
2023-04-18,104.5,GOOGL
2023-04-18,288.3699951171875,MSFT
2023-04-18,27.66699981689453,NVDA
2023-04-19,167.6300048828125,AAPL
2023-04-19,104.18000030517578,GOOGL
2023-04-19,288.45001220703125,MSFT
2023-04-19,27.930999755859375,NVDA
2023-04-20,166.64999389648438,AAPL
2023-04-20,105.29000091552734,GOOGL
2023-04-20,286.1099853515625,MSFT
2023-04-20,27.104000091552734,NVDA
2023-04-21,165.02000427246094,AAPL
2023-04-21,105.41000366210938,GOOGL
2023-04-21,285.760009765625,MSFT
2023-04-21,27.118999481201172,NVDA
2023-04-24,165.3300018310547,AAPL
2023-04-24,105.97000122070312,GOOGL
2023-04-24,281.7699890136719,MSFT
2023-04-24,27.04199981689453,NVDA
2023-04-25,163.77000427246094,AAPL
2023-04-25,103.8499984741211,GOOGL
2023-04-25,275.4200134277344,MSFT
2023-04-25,26.240999221801758,NVDA
2023-04-26,163.75999450683594,AAPL
2023-04-26,103.70999908447266,GOOGL
2023-04-26,295.3699951171875,MSFT
2023-04-26,26.95599937438965,NVDA
2023-04-27,168.41000366210938,AAPL
2023-04-27,107.58999633789062,GOOGL
2023-04-27,304.8299865722656,MSFT
2023-04-27,27.22599983215332,NVDA
2023-04-28,169.67999267578125,AAPL
2023-04-28,107.33999633789062,GOOGL
2023-04-28,307.260009765625,MSFT
2023-04-28,27.749000549316406,NVDA
2023-05-01,169.58999633789062,AAPL
2023-05-01,107.19999694824219,GOOGL
2023-05-01,305.55999755859375,MSFT
2023-05-01,28.90999984741211,NVDA
2023-05-02,168.5399932861328,AAPL
2023-05-02,105.31999969482422,GOOGL
2023-05-02,305.4100036621094,MSFT
2023-05-02,28.209999084472656,NVDA
2023-05-03,167.4499969482422,AAPL
2023-05-03,105.41000366210938,GOOGL
2023-05-03,304.3999938964844,MSFT
2023-05-03,27.802000045776367,NVDA
2023-05-04,165.7899932861328,AAPL
2023-05-04,104.69000244140625,GOOGL
2023-05-04,305.4100036621094,MSFT
2023-05-04,27.562000274658203,NVDA
2023-05-05,173.57000732421875,AAPL
2023-05-05,105.56999969482422,GOOGL
2023-05-05,310.6499938964844,MSFT
2023-05-05,28.68000030517578,NVDA
2023-05-08,173.5,AAPL
2023-05-08,107.7699966430664,GOOGL
2023-05-08,308.6499938964844,MSFT
2023-05-08,29.150999069213867,NVDA
2023-05-09,171.77000427246094,AAPL
2023-05-09,107.3499984741211,GOOGL
2023-05-09,307,MSFT
2023-05-09,28.570999145507812,NVDA
2023-05-10,173.55999755859375,AAPL
2023-05-10,111.75,GOOGL
2023-05-10,312.30999755859375,MSFT
2023-05-10,28.885000228881836,NVDA
2023-05-11,173.75,AAPL
2023-05-11,116.56999969482422,GOOGL
2023-05-11,310.1099853515625,MSFT
2023-05-11,28.577999114990234,NVDA
2023-05-12,172.57000732421875,AAPL
2023-05-12,117.51000213623047,GOOGL
2023-05-12,308.9700012207031,MSFT
2023-05-12,28.34000015258789,NVDA
2023-05-15,172.07000732421875,AAPL
2023-05-15,116.51000213623047,GOOGL
2023-05-15,309.4599914550781,MSFT
2023-05-15,28.952999114990234,NVDA
2023-05-16,172.07000732421875,AAPL
2023-05-16,119.51000213623047,GOOGL
2023-05-16,311.739990234375,MSFT
2023-05-16,29.21299934387207,NVDA
2023-05-17,172.69000244140625,AAPL
2023-05-17,120.83999633789062,GOOGL
2023-05-17,314,MSFT
2023-05-17,30.17799949645996,NVDA
2023-05-18,175.0500030517578,AAPL
2023-05-18,122.83000183105469,GOOGL
2023-05-18,318.5199890136719,MSFT
2023-05-18,31.67799949645996,NVDA
2023-05-19,175.16000366210938,AAPL
2023-05-19,122.76000213623047,GOOGL
2023-05-19,318.3399963378906,MSFT
2023-05-19,31.263999938964844,NVDA
2023-05-22,174.1999969482422,AAPL
2023-05-22,125.05000305175781,GOOGL
2023-05-22,321.17999267578125,MSFT
2023-05-22,31.176000595092773,NVDA
2023-05-23,171.55999755859375,AAPL
2023-05-23,122.55999755859375,GOOGL
2023-05-23,315.260009765625,MSFT
2023-05-23,30.687999725341797,NVDA
2023-05-24,171.83999633789062,AAPL
2023-05-24,120.9000015258789,GOOGL
2023-05-24,313.8500061035156,MSFT
2023-05-24,30.538000106811523,NVDA
2023-05-25,172.99000549316406,AAPL
2023-05-25,123.4800033569336,GOOGL
2023-05-25,325.9200134277344,MSFT
2023-05-25,37.97999954223633,NVDA
2023-05-26,175.42999267578125,AAPL
2023-05-26,124.61000061035156,GOOGL
2023-05-26,332.8900146484375,MSFT
2023-05-26,38.94599914550781,NVDA
2023-05-30,177.3000030517578,AAPL
2023-05-30,123.66999816894531,GOOGL
2023-05-30,331.2099914550781,MSFT
2023-05-30,40.111000061035156,NVDA
2023-05-31,177.25,AAPL
2023-05-31,122.87000274658203,GOOGL
2023-05-31,328.3900146484375,MSFT
2023-05-31,37.83399963378906,NVDA
2023-06-01,180.08999633789062,AAPL
2023-06-01,123.72000122070312,GOOGL
2023-06-01,332.5799865722656,MSFT
2023-06-01,39.77000045776367,NVDA
2023-06-02,180.9499969482422,AAPL
2023-06-02,124.66999816894531,GOOGL
2023-06-02,335.3999938964844,MSFT
2023-06-02,39.32699966430664,NVDA
2023-06-05,179.5800018310547,AAPL
2023-06-05,126.01000213623047,GOOGL
2023-06-05,335.94000244140625,MSFT
2023-06-05,39.17100143432617,NVDA
2023-06-06,179.2100067138672,AAPL
2023-06-06,127.30999755859375,GOOGL
2023-06-06,333.67999267578125,MSFT
2023-06-06,38.65399932861328,NVDA
2023-06-07,177.82000732421875,AAPL
2023-06-07,122.5,GOOGL
2023-06-07,323.3800048828125,MSFT
2023-06-07,37.474998474121094,NVDA
2023-06-08,180.57000732421875,AAPL
2023-06-08,122.13999938964844,GOOGL
2023-06-08,325.260009765625,MSFT
2023-06-08,38.5099983215332,NVDA
2023-06-09,180.9600067138672,AAPL
2023-06-09,122.2300033569336,GOOGL
2023-06-09,326.7900085449219,MSFT
2023-06-09,38.77000045776367,NVDA
2023-06-12,183.7899932861328,AAPL
2023-06-12,123.63999938964844,GOOGL
2023-06-12,331.8500061035156,MSFT
2023-06-12,39.481998443603516,NVDA
2023-06-13,183.30999755859375,AAPL
2023-06-13,123.83000183105469,GOOGL
2023-06-13,334.2900085449219,MSFT
2023-06-13,41.02199935913086,NVDA
2023-06-14,183.9499969482422,AAPL
2023-06-14,123.66999816894531,GOOGL
2023-06-14,337.3399963378906,MSFT
2023-06-14,42.99700164794922,NVDA
2023-06-15,186.00999450683594,AAPL
2023-06-15,125.08999633789062,GOOGL
2023-06-15,348.1000061035156,MSFT
2023-06-15,42.65299987792969,NVDA
2023-06-16,184.9199981689453,AAPL
2023-06-16,123.52999877929688,GOOGL
2023-06-16,342.3299865722656,MSFT
2023-06-16,42.69200134277344,NVDA
2023-06-20,185.00999450683594,AAPL
2023-06-20,123.0999984741211,GOOGL
2023-06-20,338.04998779296875,MSFT
2023-06-20,43.80799865722656,NVDA
2023-06-21,183.9600067138672,AAPL
2023-06-21,120.55000305175781,GOOGL
2023-06-21,333.55999755859375,MSFT
2023-06-21,43.04499816894531,NVDA
2023-06-22,187,AAPL
2023-06-22,123.1500015258789,GOOGL
2023-06-22,339.7099914550781,MSFT
2023-06-22,43.025001525878906,NVDA
2023-06-23,186.67999267578125,AAPL
2023-06-23,122.33999633789062,GOOGL
2023-06-23,335.0199890136719,MSFT
2023-06-23,42.20899963378906,NVDA
2023-06-26,185.27000427246094,AAPL
2023-06-26,118.33999633789062,GOOGL
2023-06-26,328.6000061035156,MSFT
2023-06-26,40.63199996948242,NVDA
2023-06-27,188.05999755859375,AAPL
2023-06-27,118.33000183105469,GOOGL
2023-06-27,334.57000732421875,MSFT
2023-06-27,41.875999450683594,NVDA
2023-06-28,189.25,AAPL
2023-06-28,120.18000030517578,GOOGL
2023-06-28,335.8500061035156,MSFT
2023-06-28,41.117000579833984,NVDA
2023-06-29,189.58999633789062,AAPL
2023-06-29,119.0999984741211,GOOGL
2023-06-29,335.04998779296875,MSFT
2023-06-29,40.821998596191406,NVDA
2023-06-30,193.97000122070312,AAPL
2023-06-30,119.69999694824219,GOOGL
2023-06-30,340.5400085449219,MSFT
2023-06-30,42.301998138427734,NVDA
2023-07-03,192.4600067138672,AAPL
2023-07-03,119.9000015258789,GOOGL
2023-07-03,337.989990234375,MSFT
2023-07-03,42.41299819946289,NVDA
2023-07-05,191.3300018310547,AAPL
2023-07-05,121.75,GOOGL
2023-07-05,338.1499938964844,MSFT
2023-07-05,42.31700134277344,NVDA
2023-07-06,191.80999755859375,AAPL
2023-07-06,120.11000061035156,GOOGL
2023-07-06,341.2699890136719,MSFT
2023-07-06,42.10300064086914,NVDA
2023-07-07,190.67999267578125,AAPL
2023-07-07,119.4800033569336,GOOGL
2023-07-07,337.2200012207031,MSFT
2023-07-07,42.50299835205078,NVDA
2023-07-10,188.61000061035156,AAPL
2023-07-10,116.44999694824219,GOOGL
2023-07-10,331.8299865722656,MSFT
2023-07-10,42.18000030517578,NVDA
2023-07-11,188.0800018310547,AAPL
2023-07-11,117.13999938964844,GOOGL
2023-07-11,332.4700012207031,MSFT
2023-07-11,42.404998779296875,NVDA
2023-07-12,189.77000427246094,AAPL
2023-07-12,118.93000030517578,GOOGL
2023-07-12,337.20001220703125,MSFT
2023-07-12,43.902000427246094,NVDA
2023-07-13,190.5399932861328,AAPL
2023-07-13,124.54000091552734,GOOGL
2023-07-13,342.6600036621094,MSFT
2023-07-13,45.97700119018555,NVDA
2023-07-14,190.69000244140625,AAPL
2023-07-14,125.41999816894531,GOOGL
2023-07-14,345.239990234375,MSFT
2023-07-14,45.46900177001953,NVDA
2023-07-17,193.99000549316406,AAPL
2023-07-17,124.6500015258789,GOOGL
2023-07-17,345.7300109863281,MSFT
2023-07-17,46.46099853515625,NVDA
2023-07-18,193.72999572753906,AAPL
2023-07-18,123.76000213623047,GOOGL
2023-07-18,359.489990234375,MSFT
2023-07-18,47.49399948120117,NVDA
2023-07-19,195.10000610351562,AAPL
2023-07-19,122.02999877929688,GOOGL
2023-07-19,355.0799865722656,MSFT
2023-07-19,47.07699966430664,NVDA
2023-07-20,193.1300048828125,AAPL
2023-07-20,119.19999694824219,GOOGL
2023-07-20,346.8699951171875,MSFT
2023-07-20,45.52000045776367,NVDA
2023-07-21,191.94000244140625,AAPL
2023-07-21,120.0199966430664,GOOGL
2023-07-21,343.7699890136719,MSFT
2023-07-21,44.308998107910156,NVDA
2023-07-24,192.75,AAPL
2023-07-24,121.52999877929688,GOOGL
2023-07-24,345.1099853515625,MSFT
2023-07-24,44.61199951171875,NVDA
2023-07-25,193.6199951171875,AAPL
2023-07-25,122.20999908447266,GOOGL
2023-07-25,350.9800109863281,MSFT
2023-07-25,45.67900085449219,NVDA
2023-07-26,194.5,AAPL
2023-07-26,129.27000427246094,GOOGL
2023-07-26,337.7699890136719,MSFT
2023-07-26,45.45199966430664,NVDA
2023-07-27,193.22000122070312,AAPL
2023-07-27,129.39999389648438,GOOGL
2023-07-27,330.7200012207031,MSFT
2023-07-27,45.900001525878906,NVDA
2023-07-28,195.8300018310547,AAPL
2023-07-28,132.5800018310547,GOOGL
2023-07-28,338.3699951171875,MSFT
2023-07-28,46.75,NVDA
2023-07-31,196.4499969482422,AAPL
2023-07-31,132.72000122070312,GOOGL
2023-07-31,335.9200134277344,MSFT
2023-07-31,46.729000091552734,NVDA
2023-08-01,195.61000061035156,AAPL
2023-08-01,131.5500030517578,GOOGL
2023-08-01,336.3399963378906,MSFT
2023-08-01,46.50699996948242,NVDA
2023-08-02,192.5800018310547,AAPL
2023-08-02,128.3800048828125,GOOGL
2023-08-02,327.5,MSFT
2023-08-02,44.26900100708008,NVDA
2023-08-03,191.1699981689453,AAPL
2023-08-03,128.4499969482422,GOOGL
2023-08-03,326.6600036621094,MSFT
2023-08-03,44.51499938964844,NVDA
2023-08-04,181.99000549316406,AAPL
2023-08-04,128.11000061035156,GOOGL
2023-08-04,327.7799987792969,MSFT
2023-08-04,44.68000030517578,NVDA
2023-08-07,178.85000610351562,AAPL
2023-08-07,131.52999877929688,GOOGL
2023-08-07,330.1099853515625,MSFT
2023-08-07,45.41699981689453,NVDA
2023-08-08,179.8000030517578,AAPL
2023-08-08,131.39999389648438,GOOGL
2023-08-08,326.04998779296875,MSFT
2023-08-08,44.66400146484375,NVDA
2023-08-09,178.19000244140625,AAPL
2023-08-09,129.66000366210938,GOOGL
2023-08-09,322.2300109863281,MSFT
2023-08-09,42.55400085449219,NVDA
2023-08-10,177.97000122070312,AAPL
2023-08-10,129.69000244140625,GOOGL
2023-08-10,322.92999267578125,MSFT
2023-08-10,42.38800048828125,NVDA
2023-08-11,177.7899932861328,AAPL
2023-08-11,129.55999755859375,GOOGL
2023-08-11,321.010009765625,MSFT
2023-08-11,40.85499954223633,NVDA
2023-08-14,179.4600067138672,AAPL
2023-08-14,131.3300018310547,GOOGL
2023-08-14,324.0400085449219,MSFT
2023-08-14,43.75299835205078,NVDA
2023-08-15,177.4499969482422,AAPL
2023-08-15,129.77999877929688,GOOGL
2023-08-15,321.8599853515625,MSFT
2023-08-15,43.939998626708984,NVDA
2023-08-16,176.57000732421875,AAPL
2023-08-16,128.6999969482422,GOOGL
2023-08-16,320.3999938964844,MSFT
2023-08-16,43.486000061035156,NVDA
2023-08-17,174,AAPL
2023-08-17,129.9199981689453,GOOGL
2023-08-17,316.8800048828125,MSFT
2023-08-17,43.34400177001953,NVDA
2023-08-18,174.49000549316406,AAPL
2023-08-18,127.45999908447266,GOOGL
2023-08-18,316.4800109863281,MSFT
2023-08-18,43.29899978637695,NVDA
2023-08-21,175.83999633789062,AAPL
2023-08-21,128.3699951171875,GOOGL
2023-08-21,321.8800048828125,MSFT
2023-08-21,46.96699905395508,NVDA
2023-08-22,177.22999572753906,AAPL
2023-08-22,129.0800018310547,GOOGL
2023-08-22,322.4599914550781,MSFT
2023-08-22,45.667999267578125,NVDA
2023-08-23,181.1199951171875,AAPL
2023-08-23,132.3699951171875,GOOGL
2023-08-23,327,MSFT
2023-08-23,47.11600112915039,NVDA
2023-08-24,176.3800048828125,AAPL
2023-08-24,129.77999877929688,GOOGL
2023-08-24,319.9700012207031,MSFT
2023-08-24,47.16299819946289,NVDA
2023-08-25,178.61000061035156,AAPL
2023-08-25,129.8800048828125,GOOGL
2023-08-25,322.9800109863281,MSFT
2023-08-25,46.018001556396484,NVDA
2023-08-28,180.19000244140625,AAPL
2023-08-28,131.00999450683594,GOOGL
2023-08-28,323.70001220703125,MSFT
2023-08-28,46.834999084472656,NVDA
2023-08-29,184.1199951171875,AAPL
2023-08-29,134.57000732421875,GOOGL
2023-08-29,328.4100036621094,MSFT
2023-08-29,48.784000396728516,NVDA
2023-08-30,187.64999389648438,AAPL
2023-08-30,135.8800048828125,GOOGL
2023-08-30,328.7900085449219,MSFT
2023-08-30,49.263999938964844,NVDA
2023-08-31,187.8699951171875,AAPL
2023-08-31,136.1699981689453,GOOGL
2023-08-31,327.760009765625,MSFT
2023-08-31,49.35499954223633,NVDA
2023-09-01,189.4600067138672,AAPL
2023-09-01,135.66000366210938,GOOGL
2023-09-01,328.6600036621094,MSFT
2023-09-01,48.50899887084961,NVDA
2023-09-05,189.6999969482422,AAPL
2023-09-05,135.77000427246094,GOOGL
2023-09-05,333.54998779296875,MSFT
2023-09-05,48.54800033569336,NVDA
2023-09-06,182.91000366210938,AAPL
2023-09-06,134.4600067138672,GOOGL
2023-09-06,332.8800048828125,MSFT
2023-09-06,47.06100082397461,NVDA
2023-09-07,177.55999755859375,AAPL
2023-09-07,135.25999450683594,GOOGL
2023-09-07,329.9100036621094,MSFT
2023-09-07,46.24100112915039,NVDA
2023-09-08,178.17999267578125,AAPL
2023-09-08,136.3800048828125,GOOGL
2023-09-08,334.2699890136719,MSFT
2023-09-08,45.571998596191406,NVDA
2023-09-11,179.36000061035156,AAPL
2023-09-11,136.9199981689453,GOOGL
2023-09-11,337.94000244140625,MSFT
2023-09-11,45.178001403808594,NVDA
2023-09-12,176.3000030517578,AAPL
2023-09-12,135.33999633789062,GOOGL
2023-09-12,331.7699890136719,MSFT
2023-09-12,44.869998931884766,NVDA
2023-09-13,174.2100067138672,AAPL
2023-09-13,136.7100067138672,GOOGL
2023-09-13,336.05999755859375,MSFT
2023-09-13,45.48500061035156,NVDA
2023-09-14,175.74000549316406,AAPL
2023-09-14,138.10000610351562,GOOGL
2023-09-14,338.70001220703125,MSFT
2023-09-14,45.58100128173828,NVDA
2023-09-15,175.00999450683594,AAPL
2023-09-15,137.39999389648438,GOOGL
2023-09-15,330.2200012207031,MSFT
2023-09-15,43.900001525878906,NVDA
2023-09-18,177.97000122070312,AAPL
2023-09-18,138.2100067138672,GOOGL
2023-09-18,329.05999755859375,MSFT
2023-09-18,43.965999603271484,NVDA
2023-09-19,179.07000732421875,AAPL
2023-09-19,138.0399932861328,GOOGL
2023-09-19,328.6499938964844,MSFT
2023-09-19,43.52000045776367,NVDA
2023-09-20,175.49000549316406,AAPL
2023-09-20,133.74000549316406,GOOGL
2023-09-20,320.7699890136719,MSFT
2023-09-20,42.23899841308594,NVDA
2023-09-21,173.92999267578125,AAPL
2023-09-21,130.44000244140625,GOOGL
2023-09-21,319.5299987792969,MSFT
2023-09-21,41.016998291015625,NVDA
2023-09-22,174.7899932861328,AAPL
2023-09-22,130.25,GOOGL
2023-09-22,317.010009765625,MSFT
2023-09-22,41.61000061035156,NVDA
2023-09-25,176.0800018310547,AAPL
2023-09-25,131.11000061035156,GOOGL
2023-09-25,317.5400085449219,MSFT
2023-09-25,42.22200012207031,NVDA
2023-09-26,171.9600067138672,AAPL
2023-09-26,128.57000732421875,GOOGL
2023-09-26,312.1400146484375,MSFT
2023-09-26,41.9109992980957,NVDA
2023-09-27,170.42999267578125,AAPL
2023-09-27,130.5399932861328,GOOGL
2023-09-27,312.7900085449219,MSFT
2023-09-27,42.46799850463867,NVDA
2023-09-28,170.69000244140625,AAPL
2023-09-28,132.30999755859375,GOOGL
2023-09-28,313.6400146484375,MSFT
2023-09-28,43.0890007019043,NVDA
2023-09-29,171.2100067138672,AAPL
2023-09-29,130.86000061035156,GOOGL
2023-09-29,315.75,MSFT
2023-09-29,43.499000549316406,NVDA
2023-10-02,173.75,AAPL
2023-10-02,134.1699981689453,GOOGL
2023-10-02,321.79998779296875,MSFT
2023-10-02,44.78200149536133,NVDA
2023-10-03,172.39999389648438,AAPL
2023-10-03,132.42999267578125,GOOGL
2023-10-03,313.3900146484375,MSFT
2023-10-03,43.516998291015625,NVDA
2023-10-04,173.66000366210938,AAPL
2023-10-04,135.24000549316406,GOOGL
2023-10-04,318.9599914550781,MSFT
2023-10-04,44.04100036621094,NVDA
2023-10-05,174.91000366210938,AAPL
2023-10-05,135.07000732421875,GOOGL
2023-10-05,319.3599853515625,MSFT
2023-10-05,44.6879997253418,NVDA
2023-10-06,177.49000549316406,AAPL
2023-10-06,137.5800018310547,GOOGL
2023-10-06,327.260009765625,MSFT
2023-10-06,45.762001037597656,NVDA
2023-10-09,178.99000549316406,AAPL
2023-10-09,138.4199981689453,GOOGL
2023-10-09,329.82000732421875,MSFT
2023-10-09,45.27299880981445,NVDA
2023-10-10,178.38999938964844,AAPL
2023-10-10,138.05999755859375,GOOGL
2023-10-10,328.3900146484375,MSFT
2023-10-10,45.79800033569336,NVDA
2023-10-11,179.8000030517578,AAPL
2023-10-11,140.5500030517578,GOOGL
2023-10-11,332.4200134277344,MSFT
2023-10-11,46.805999755859375,NVDA
2023-10-12,180.7100067138672,AAPL
2023-10-12,138.97000122070312,GOOGL
2023-10-12,331.1600036621094,MSFT
2023-10-12,46.94499969482422,NVDA
2023-10-13,178.85000610351562,AAPL
2023-10-13,137.36000061035156,GOOGL
2023-10-13,327.7300109863281,MSFT
2023-10-13,45.46099853515625,NVDA
2023-10-16,178.72000122070312,AAPL
2023-10-16,139.10000610351562,GOOGL
2023-10-16,332.6400146484375,MSFT
2023-10-16,46.095001220703125,NVDA
2023-10-17,177.14999389648438,AAPL
2023-10-17,139.72000122070312,GOOGL
2023-10-17,332.05999755859375,MSFT
2023-10-17,43.9379997253418,NVDA
2023-10-18,175.83999633789062,AAPL
2023-10-18,137.9600067138672,GOOGL
2023-10-18,330.1099853515625,MSFT
2023-10-18,42.19599914550781,NVDA
2023-10-19,175.4600067138672,AAPL
2023-10-19,137.75,GOOGL
2023-10-19,331.32000732421875,MSFT
2023-10-19,42.10100173950195,NVDA
2023-10-20,172.8800048828125,AAPL
2023-10-20,135.60000610351562,GOOGL
2023-10-20,326.6700134277344,MSFT
2023-10-20,41.387001037597656,NVDA
2023-10-23,173,AAPL
2023-10-23,136.5,GOOGL
2023-10-23,329.32000732421875,MSFT
2023-10-23,42.974998474121094,NVDA
2023-10-24,173.44000244140625,AAPL
2023-10-24,138.80999755859375,GOOGL
2023-10-24,330.5299987792969,MSFT
2023-10-24,43.66299819946289,NVDA
2023-10-25,171.10000610351562,AAPL
2023-10-25,125.61000061035156,GOOGL
2023-10-25,340.6700134277344,MSFT
2023-10-25,41.77899932861328,NVDA
2023-10-26,166.88999938964844,AAPL
2023-10-26,122.27999877929688,GOOGL
2023-10-26,327.8900146484375,MSFT
2023-10-26,40.32600021362305,NVDA
2023-10-27,168.22000122070312,AAPL
2023-10-27,122.16999816894531,GOOGL
2023-10-27,329.80999755859375,MSFT
2023-10-27,40.5,NVDA
2023-10-30,170.2899932861328,AAPL
2023-10-30,124.45999908447266,GOOGL
2023-10-30,337.30999755859375,MSFT
2023-10-30,41.1609992980957,NVDA
2023-10-31,170.77000427246094,AAPL
2023-10-31,124.08000183105469,GOOGL
2023-10-31,338.1099853515625,MSFT
2023-10-31,40.779998779296875,NVDA
2023-11-01,173.97000122070312,AAPL
2023-11-01,126.44999694824219,GOOGL
2023-11-01,346.07000732421875,MSFT
2023-11-01,42.32500076293945,NVDA
2023-11-02,177.57000732421875,AAPL
2023-11-02,127.48999786376953,GOOGL
2023-11-02,348.32000732421875,MSFT
2023-11-02,43.50600051879883,NVDA
2023-11-03,176.64999389648438,AAPL
2023-11-03,129.10000610351562,GOOGL
2023-11-03,352.79998779296875,MSFT
2023-11-03,45.005001068115234,NVDA
2023-11-06,179.22999572753906,AAPL
2023-11-06,130.25,GOOGL
2023-11-06,356.5299987792969,MSFT
2023-11-06,45.750999450683594,NVDA
2023-11-07,181.82000732421875,AAPL
2023-11-07,130.97000122070312,GOOGL
2023-11-07,360.5299987792969,MSFT
2023-11-07,45.95500183105469,NVDA
2023-11-08,182.88999938964844,AAPL
2023-11-08,131.83999633789062,GOOGL
2023-11-08,363.20001220703125,MSFT
2023-11-08,46.57400131225586,NVDA
2023-11-09,182.41000366210938,AAPL
2023-11-09,130.24000549316406,GOOGL
2023-11-09,360.69000244140625,MSFT
2023-11-09,46.95000076293945,NVDA
2023-11-10,186.39999389648438,AAPL
2023-11-10,132.58999633789062,GOOGL
2023-11-10,369.6700134277344,MSFT
2023-11-10,48.334999084472656,NVDA
2023-11-13,184.8000030517578,AAPL
2023-11-13,132.08999633789062,GOOGL
2023-11-13,366.67999267578125,MSFT
2023-11-13,48.619998931884766,NVDA
2023-11-14,187.44000244140625,AAPL
2023-11-14,133.6199951171875,GOOGL
2023-11-14,370.2699890136719,MSFT
2023-11-14,49.65599822998047,NVDA
2023-11-15,188.00999450683594,AAPL
2023-11-15,134.6199951171875,GOOGL
2023-11-15,369.6700134277344,MSFT
2023-11-15,48.88800048828125,NVDA
2023-11-16,189.7100067138672,AAPL
2023-11-16,136.92999267578125,GOOGL
2023-11-16,376.1700134277344,MSFT
2023-11-16,49.47999954223633,NVDA
2023-11-17,189.69000244140625,AAPL
2023-11-17,135.30999755859375,GOOGL
2023-11-17,369.8500061035156,MSFT
2023-11-17,49.29800033569336,NVDA
2023-11-20,191.4499969482422,AAPL
2023-11-20,136.25,GOOGL
2023-11-20,377.44000244140625,MSFT
2023-11-20,50.409000396728516,NVDA
2023-11-21,190.63999938964844,AAPL
2023-11-21,136.97000122070312,GOOGL
2023-11-21,373.07000732421875,MSFT
2023-11-21,49.944000244140625,NVDA
2023-11-22,191.30999755859375,AAPL
2023-11-22,138.49000549316406,GOOGL
2023-11-22,377.8500061035156,MSFT
2023-11-22,48.715999603271484,NVDA
2023-11-24,189.97000122070312,AAPL
2023-11-24,136.69000244140625,GOOGL
2023-11-24,377.42999267578125,MSFT
2023-11-24,47.7760009765625,NVDA
2023-11-27,189.7899932861328,AAPL
2023-11-27,136.41000366210938,GOOGL
2023-11-27,378.6099853515625,MSFT
2023-11-27,48.242000579833984,NVDA
2023-11-28,190.39999389648438,AAPL
2023-11-28,137.1999969482422,GOOGL
2023-11-28,382.70001220703125,MSFT
2023-11-28,47.82099914550781,NVDA
2023-11-29,189.3699951171875,AAPL
2023-11-29,134.99000549316406,GOOGL
2023-11-29,378.8500061035156,MSFT
2023-11-29,48.13999938964844,NVDA
2023-11-30,189.9499969482422,AAPL
2023-11-30,132.52999877929688,GOOGL
2023-11-30,378.9100036621094,MSFT
2023-11-30,46.77000045776367,NVDA
2023-12-01,191.24000549316406,AAPL
2023-12-01,131.86000061035156,GOOGL
2023-12-01,374.510009765625,MSFT
2023-12-01,46.76499938964844,NVDA
2023-12-04,189.42999267578125,AAPL
2023-12-04,129.27000427246094,GOOGL
2023-12-04,369.1400146484375,MSFT
2023-12-04,45.5099983215332,NVDA
2023-12-05,193.4199981689453,AAPL
2023-12-05,130.99000549316406,GOOGL
2023-12-05,372.5199890136719,MSFT
2023-12-05,46.566001892089844,NVDA
2023-12-06,192.32000732421875,AAPL
2023-12-06,130.02000427246094,GOOGL
2023-12-06,368.79998779296875,MSFT
2023-12-06,45.50299835205078,NVDA
2023-12-07,194.27000427246094,AAPL
2023-12-07,136.92999267578125,GOOGL
2023-12-07,370.95001220703125,MSFT
2023-12-07,46.59600067138672,NVDA
2023-12-08,195.7100067138672,AAPL
2023-12-08,134.99000549316406,GOOGL
2023-12-08,374.2300109863281,MSFT
2023-12-08,47.50600051879883,NVDA
2023-12-11,193.17999267578125,AAPL
2023-12-11,133.2899932861328,GOOGL
2023-12-11,371.29998779296875,MSFT
2023-12-11,46.62699890136719,NVDA
2023-12-12,194.7100067138672,AAPL
2023-12-12,132.52000427246094,GOOGL
2023-12-12,374.3800048828125,MSFT
2023-12-12,47.65700149536133,NVDA
2023-12-13,197.9600067138672,AAPL
2023-12-13,132.57000732421875,GOOGL
2023-12-13,374.3699951171875,MSFT
2023-12-13,48.0880012512207,NVDA
2023-12-14,198.11000061035156,AAPL
2023-12-14,131.94000244140625,GOOGL
2023-12-14,365.92999267578125,MSFT
2023-12-14,48.349998474121094,NVDA
2023-12-15,197.57000732421875,AAPL
2023-12-15,132.60000610351562,GOOGL
2023-12-15,370.7300109863281,MSFT
2023-12-15,48.88999938964844,NVDA
2023-12-18,195.88999938964844,AAPL
2023-12-18,135.8000030517578,GOOGL
2023-12-18,372.6499938964844,MSFT
2023-12-18,50.07699966430664,NVDA
2023-12-19,196.94000244140625,AAPL
2023-12-19,136.64999389648438,GOOGL
2023-12-19,373.260009765625,MSFT
2023-12-19,49.604000091552734,NVDA
2023-12-20,194.8300018310547,AAPL
2023-12-20,138.33999633789062,GOOGL
2023-12-20,370.6199951171875,MSFT
2023-12-20,48.111000061035156,NVDA
2023-12-21,194.67999267578125,AAPL
2023-12-21,140.4199981689453,GOOGL
2023-12-21,373.5400085449219,MSFT
2023-12-21,48.9900016784668,NVDA
2023-12-22,193.60000610351562,AAPL
2023-12-22,141.49000549316406,GOOGL
2023-12-22,374.5799865722656,MSFT
2023-12-22,48.83000183105469,NVDA
2023-12-26,193.0500030517578,AAPL
2023-12-26,141.52000427246094,GOOGL
2023-12-26,374.6600036621094,MSFT
2023-12-26,49.27899932861328,NVDA
2023-12-27,193.14999389648438,AAPL
2023-12-27,140.3699951171875,GOOGL
2023-12-27,374.07000732421875,MSFT
2023-12-27,49.41699981689453,NVDA
2023-12-28,193.5800018310547,AAPL
2023-12-28,140.22999572753906,GOOGL
2023-12-28,375.2799987792969,MSFT
2023-12-28,49.52199935913086,NVDA
2023-12-29,192.52999877929688,AAPL
2023-12-29,139.69000244140625,GOOGL
2023-12-29,376.0400085449219,MSFT
2023-12-29,49.52199935913086,NVDA
2024-01-02,185.63999938964844,AAPL
2024-01-02,138.1699981689453,GOOGL
2024-01-02,370.8699951171875,MSFT
2024-01-02,48.167999267578125,NVDA
2024-01-03,184.25,AAPL
2024-01-03,138.9199981689453,GOOGL
2024-01-03,370.6000061035156,MSFT
2024-01-03,47.569000244140625,NVDA
2024-01-04,181.91000366210938,AAPL
2024-01-04,136.38999938964844,GOOGL
2024-01-04,367.94000244140625,MSFT
2024-01-04,47.99800109863281,NVDA
2024-01-05,181.17999267578125,AAPL
2024-01-05,135.72999572753906,GOOGL
2024-01-05,367.75,MSFT
2024-01-05,49.09700012207031,NVDA
2024-01-08,185.55999755859375,AAPL
2024-01-08,138.83999633789062,GOOGL
2024-01-08,374.69000244140625,MSFT
2024-01-08,52.25299835205078,NVDA
2024-01-09,185.13999938964844,AAPL
2024-01-09,140.9499969482422,GOOGL
2024-01-09,375.7900085449219,MSFT
2024-01-09,53.13999938964844,NVDA
2024-01-10,186.19000244140625,AAPL
2024-01-10,142.27999877929688,GOOGL
2024-01-10,382.7699890136719,MSFT
2024-01-10,54.349998474121094,NVDA
2024-01-11,185.58999633789062,AAPL
2024-01-11,142.0800018310547,GOOGL
2024-01-11,384.6300048828125,MSFT
2024-01-11,54.821998596191406,NVDA
2024-01-12,185.9199981689453,AAPL
2024-01-12,142.64999389648438,GOOGL
2024-01-12,388.4700012207031,MSFT
2024-01-12,54.709999084472656,NVDA
2024-01-16,183.6300048828125,AAPL
2024-01-16,142.49000549316406,GOOGL
2024-01-16,390.2699890136719,MSFT
2024-01-16,56.38199996948242,NVDA
2024-01-17,182.67999267578125,AAPL
2024-01-17,141.47000122070312,GOOGL
2024-01-17,389.4700012207031,MSFT
2024-01-17,56.053001403808594,NVDA
2024-01-18,188.6300048828125,AAPL
2024-01-18,143.47999572753906,GOOGL
2024-01-18,393.8699951171875,MSFT
2024-01-18,57.106998443603516,NVDA
2024-01-19,191.55999755859375,AAPL
2024-01-19,146.3800048828125,GOOGL
2024-01-19,398.6700134277344,MSFT
2024-01-19,59.49100112915039,NVDA
2024-01-22,193.88999938964844,AAPL
2024-01-22,145.99000549316406,GOOGL
2024-01-22,396.510009765625,MSFT
2024-01-22,59.65399932861328,NVDA
2024-01-23,195.17999267578125,AAPL
2024-01-23,147.0399932861328,GOOGL
2024-01-23,398.8999938964844,MSFT
2024-01-23,59.87300109863281,NVDA
2024-01-24,194.5,AAPL
2024-01-24,148.6999969482422,GOOGL
2024-01-24,402.55999755859375,MSFT
2024-01-24,61.36199951171875,NVDA
2024-01-25,194.1699981689453,AAPL
2024-01-25,151.8699951171875,GOOGL
2024-01-25,404.8699951171875,MSFT
2024-01-25,61.617000579833984,NVDA
2024-01-26,192.4199981689453,AAPL
2024-01-26,152.19000244140625,GOOGL
2024-01-26,403.92999267578125,MSFT
2024-01-26,61.03099822998047,NVDA
2024-01-29,191.72999572753906,AAPL
2024-01-29,153.50999450683594,GOOGL
2024-01-29,409.7200012207031,MSFT
2024-01-29,62.46500015258789,NVDA
2024-01-30,188.0399932861328,AAPL
2024-01-30,151.4600067138672,GOOGL
2024-01-30,408.5899963378906,MSFT
2024-01-30,62.77399826049805,NVDA
2024-01-31,184.39999389648438,AAPL
2024-01-31,140.10000610351562,GOOGL
2024-01-31,397.5799865722656,MSFT
2024-01-31,61.527000427246094,NVDA
2024-02-01,186.86000061035156,AAPL
2024-02-01,141.16000366210938,GOOGL
2024-02-01,403.7799987792969,MSFT
2024-02-01,63.027000427246094,NVDA
2024-02-02,185.85000610351562,AAPL
2024-02-02,142.3800048828125,GOOGL
2024-02-02,411.2200012207031,MSFT
2024-02-02,66.160003662109375,NVDA
2024-02-05,187.67999267578125,AAPL
2024-02-05,143.67999267578125,GOOGL
2024-02-05,405.6499938964844,MSFT
2024-02-05,69.332000732421875,NVDA
2024-02-06,189.3000030517578,AAPL
2024-02-06,144.10000610351562,GOOGL
2024-02-06,405.489990234375,MSFT
2024-02-06,68.2229995727539,NVDA
2024-02-07,189.41000366210938,AAPL
2024-02-07,145.5399932861328,GOOGL
2024-02-07,414.04998779296875,MSFT
2024-02-07,70.0989990234375,NVDA
2024-02-08,188.32000732421875,AAPL
2024-02-08,145.91000366210938,GOOGL
2024-02-08,414.1099853515625,MSFT
2024-02-08,69.64099884033203,NVDA
2024-02-09,188.85000610351562,AAPL
2024-02-09,149,GOOGL
2024-02-09,420.54998779296875,MSFT
2024-02-09,72.13300323486328,NVDA
2024-02-12,187.14999389648438,AAPL
2024-02-12,147.52999877929688,GOOGL
2024-02-12,415.260009765625,MSFT
2024-02-12,72.24800109863281,NVDA
2024-02-13,185.0399932861328,AAPL
2024-02-13,145.13999938964844,GOOGL
2024-02-13,406.32000732421875,MSFT
2024-02-13,72.12799835205078,NVDA
2024-02-14,184.14999389648438,AAPL
2024-02-14,145.94000244140625,GOOGL
2024-02-14,409.489990234375,MSFT
2024-02-14,73.9000015258789,NVDA
2024-02-15,183.86000061035156,AAPL
2024-02-15,142.77000427246094,GOOGL
2024-02-15,406.55999755859375,MSFT
2024-02-15,72.65799713134766,NVDA
2024-02-16,182.30999755859375,AAPL
2024-02-16,140.52000427246094,GOOGL
2024-02-16,404.05999755859375,MSFT
2024-02-16,72.61299896240234,NVDA
2024-02-20,181.55999755859375,AAPL
2024-02-20,141.1199951171875,GOOGL
2024-02-20,402.7900085449219,MSFT
2024-02-20,69.4520034790039,NVDA
2024-02-21,182.32000732421875,AAPL
2024-02-21,142.5500030517578,GOOGL
2024-02-21,402.17999267578125,MSFT
2024-02-21,67.47200012207031,NVDA
2024-02-22,184.3699951171875,AAPL
2024-02-22,144.08999633789062,GOOGL
2024-02-22,411.6499938964844,MSFT
2024-02-22,78.53800201416016,NVDA
2024-02-23,182.52000427246094,AAPL
2024-02-23,143.9600067138672,GOOGL
2024-02-23,410.3399963378906,MSFT
2024-02-23,78.81700134277344,NVDA
2024-02-26,181.16000366210938,AAPL
2024-02-26,137.57000732421875,GOOGL
2024-02-26,407.5400085449219,MSFT
2024-02-26,79.09200286865234,NVDA
2024-02-27,182.6300048828125,AAPL
2024-02-27,138.8800048828125,GOOGL
2024-02-27,407.4800109863281,MSFT
2024-02-27,78.70099639892578,NVDA
2024-02-28,181.4199981689453,AAPL
2024-02-28,136.3800048828125,GOOGL
2024-02-28,407.7200012207031,MSFT
2024-02-28,77.66300201416016,NVDA
2024-02-29,180.75,AAPL
2024-02-29,138.4600067138672,GOOGL
2024-02-29,413.6400146484375,MSFT
2024-02-29,79.11199951171875,NVDA
2024-03-01,179.66000366210938,AAPL
2024-03-01,137.13999938964844,GOOGL
2024-03-01,415.5,MSFT
2024-03-01,82.27899932861328,NVDA
2024-03-04,175.10000610351562,AAPL
2024-03-04,133.35000610351562,GOOGL
2024-03-04,414.9200134277344,MSFT
2024-03-04,85.23699951171875,NVDA
2024-03-05,170.1199951171875,AAPL
2024-03-05,132.6699981689453,GOOGL
2024-03-05,402.6499938964844,MSFT
2024-03-05,85.96399688720703,NVDA
2024-03-06,169.1199951171875,AAPL
2024-03-06,131.39999389648438,GOOGL
2024-03-06,402.0899963378906,MSFT
2024-03-06,88.69999694824219,NVDA
2024-03-07,169,AAPL
2024-03-07,134.3800048828125,GOOGL
2024-03-07,409.1400146484375,MSFT
2024-03-07,92.66899871826172,NVDA
2024-03-08,170.72999572753906,AAPL
2024-03-08,135.41000366210938,GOOGL
2024-03-08,406.2200012207031,MSFT
2024-03-08,87.52799987792969,NVDA
2024-03-11,172.75,AAPL
2024-03-11,137.6699981689453,GOOGL
2024-03-11,404.5199890136719,MSFT
2024-03-11,85.77400207519531,NVDA
2024-03-12,173.22999572753906,AAPL
2024-03-12,138.5,GOOGL
2024-03-12,415.2799987792969,MSFT
2024-03-12,91.91300201416016,NVDA
2024-03-13,171.1300048828125,AAPL
2024-03-13,139.7899932861328,GOOGL
2024-03-13,415.1000061035156,MSFT
2024-03-13,90.88800048828125,NVDA
2024-03-14,173,AAPL
2024-03-14,143.10000610351562,GOOGL
2024-03-14,425.2200012207031,MSFT
2024-03-14,87.944000244140625,NVDA
2024-03-15,172.6199951171875,AAPL
2024-03-15,141.17999267578125,GOOGL
2024-03-15,416.4200134277344,MSFT
2024-03-15,87.83699798583984,NVDA
2024-03-18,173.72000122070312,AAPL
2024-03-18,147.67999267578125,GOOGL
2024-03-18,417.32000732421875,MSFT
2024-03-18,88.45500183105469,NVDA
2024-03-19,176.0800018310547,AAPL
2024-03-19,147.02999877929688,GOOGL
2024-03-19,421.4100036621094,MSFT
2024-03-19,89.39800262451172,NVDA
2024-03-20,178.6699981689453,AAPL
2024-03-20,148.74000549316406,GOOGL
2024-03-20,425.2300109863281,MSFT
2024-03-20,90.37200164794922,NVDA
2024-03-21,171.3699951171875,AAPL
2024-03-21,147.60000610351562,GOOGL
2024-03-21,429.3699951171875,MSFT
2024-03-21,91.43499755859375,NVDA
2024-03-22,172.27999877929688,AAPL
2024-03-22,150.77000427246094,GOOGL
2024-03-22,428.739990234375,MSFT
2024-03-22,94.28900146484375,NVDA
2024-03-25,170.85000610351562,AAPL
2024-03-25,150.07000732421875,GOOGL
2024-03-25,422.8599853515625,MSFT
2024-03-25,95.00199890136719,NVDA
2024-03-26,169.7100067138672,AAPL
2024-03-26,150.6699981689453,GOOGL
2024-03-26,421.6499938964844,MSFT
2024-03-26,92.56099700927734,NVDA
2024-03-27,173.30999755859375,AAPL
2024-03-27,150.8699951171875,GOOGL
2024-03-27,421.42999267578125,MSFT
2024-03-27,90.25,NVDA
2024-03-28,171.47999572753906,AAPL
2024-03-28,150.92999267578125,GOOGL
2024-03-28,420.7200012207031,MSFT
2024-03-28,90.35600280761719,NVDA
2024-04-01,170.02999877929688,AAPL
2024-04-01,155.49000549316406,GOOGL
2024-04-01,424.57000732421875,MSFT
2024-04-01,90.36299896240234,NVDA
2024-04-02,168.83999633789062,AAPL
2024-04-02,154.55999755859375,GOOGL
2024-04-02,421.44000244140625,MSFT
2024-04-02,89.4520034790039,NVDA
2024-04-03,169.64999389648438,AAPL
2024-04-03,154.9199981689453,GOOGL
2024-04-03,420.45001220703125,MSFT
2024-04-03,88.96399688720703,NVDA
2024-04-04,168.82000732421875,AAPL
2024-04-04,150.52999877929688,GOOGL
2024-04-04,417.8800048828125,MSFT
2024-04-04,85.904998779296875,NVDA
2024-04-05,169.5800018310547,AAPL
2024-04-05,152.5,GOOGL
2024-04-05,425.5199890136719,MSFT
2024-04-05,88.00800323486328,NVDA
2024-04-08,168.4499969482422,AAPL
2024-04-08,154.85000610351562,GOOGL
2024-04-08,424.5899963378906,MSFT
2024-04-08,87.13300323486328,NVDA
2024-04-09,169.6699981689453,AAPL
2024-04-09,156.60000610351562,GOOGL
2024-04-09,426.2799987792969,MSFT
2024-04-09,85.35399627685547,NVDA
2024-04-10,167.77999877929688,AAPL
2024-04-10,156.13999938964844,GOOGL
2024-04-10,423.260009765625,MSFT
2024-04-10,87.03900146484375,NVDA
2024-04-11,175.0399932861328,AAPL
2024-04-11,159.41000366210938,GOOGL
2024-04-11,427.92999267578125,MSFT
2024-04-11,90.615997314453125,NVDA
2024-04-12,176.5500030517578,AAPL
2024-04-12,157.72999572753906,GOOGL
2024-04-12,421.8999938964844,MSFT
2024-04-12,88.18599700927734,NVDA
2024-04-15,172.69000244140625,AAPL
2024-04-15,154.86000061035156,GOOGL
2024-04-15,413.6400146484375,MSFT
2024-04-15,86.0009994506836,NVDA
2024-04-16,169.3800048828125,AAPL
2024-04-16,154.39999389648438,GOOGL
2024-04-16,414.5799865722656,MSFT
2024-04-16,87.41500091552734,NVDA
2024-04-17,168,AAPL
2024-04-17,155.47000122070312,GOOGL
2024-04-17,411.8399963378906,MSFT
2024-04-17,84.035003662109375,NVDA
2024-04-18,167.0399932861328,AAPL
2024-04-18,156.00999450683594,GOOGL
2024-04-18,404.2699890136719,MSFT
2024-04-18,84.6709976196289,NVDA
2024-04-19,165,AAPL
2024-04-19,154.08999633789062,GOOGL
2024-04-19,399.1199951171875,MSFT
2024-04-19,76.19999694824219,NVDA
2024-04-22,165.83999633789062,AAPL
2024-04-22,156.27999877929688,GOOGL
2024-04-22,400.9599914550781,MSFT
2024-04-22,79.51799774169922,NVDA
2024-04-23,166.89999389648438,AAPL
2024-04-23,158.25999450683594,GOOGL
2024-04-23,407.57000732421875,MSFT
2024-04-23,82.4229965209961,NVDA
2024-04-24,169.02000427246094,AAPL
2024-04-24,159.1300048828125,GOOGL
2024-04-24,409.05999755859375,MSFT
2024-04-24,79.677001953125,NVDA
2024-04-25,169.88999938964844,AAPL
2024-04-25,156,GOOGL
2024-04-25,399.0400085449219,MSFT
2024-04-25,82.63200378417969,NVDA
2024-04-26,169.3000030517578,AAPL
2024-04-26,171.9499969482422,GOOGL
2024-04-26,406.32000732421875,MSFT
2024-04-26,87.73500061035156,NVDA
2024-04-29,173.5,AAPL
2024-04-29,166.14999389648438,GOOGL
2024-04-29,402.25,MSFT
2024-04-29,87.75700378417969,NVDA
2024-04-30,170.3300018310547,AAPL
2024-04-30,162.77999877929688,GOOGL
2024-04-30,389.3299865722656,MSFT
2024-04-30,86.4020004272461,NVDA
2024-05-01,169.3000030517578,AAPL
2024-05-01,163.86000061035156,GOOGL
2024-05-01,394.94000244140625,MSFT
2024-05-01,83.04100036621094,NVDA
2024-05-02,173.02999877929688,AAPL
2024-05-02,166.6199951171875,GOOGL
2024-05-02,397.8399963378906,MSFT
2024-05-02,85.81700134277344,NVDA
2024-05-03,183.3800048828125,AAPL
2024-05-03,167.24000549316406,GOOGL
2024-05-03,406.6600036621094,MSFT
2024-05-03,88.78900146484375,NVDA
2024-05-06,181.7100067138672,AAPL
2024-05-06,168.10000610351562,GOOGL
2024-05-06,413.5400085449219,MSFT
2024-05-06,92.13999938964844,NVDA
2024-05-07,182.39999389648438,AAPL
2024-05-07,171.25,GOOGL
2024-05-07,409.3399963378906,MSFT
2024-05-07,90.55400085449219,NVDA
2024-05-08,182.74000549316406,AAPL
2024-05-08,169.3800048828125,GOOGL
2024-05-08,410.5400085449219,MSFT
2024-05-08,90.41200256347656,NVDA
2024-05-09,184.57000732421875,AAPL
2024-05-09,169.9600067138672,GOOGL
2024-05-09,412.32000732421875,MSFT
2024-05-09,88.74700164794922,NVDA
2024-05-10,183.0500030517578,AAPL
2024-05-10,168.64999389648438,GOOGL
2024-05-10,414.739990234375,MSFT
2024-05-10,89.87799835205078,NVDA
2024-05-13,186.27999877929688,AAPL
2024-05-13,169.13999938964844,GOOGL
2024-05-13,413.7200012207031,MSFT
2024-05-13,90.39900207519531,NVDA
2024-05-14,187.42999267578125,AAPL
2024-05-14,170.33999633789062,GOOGL
2024-05-14,416.55999755859375,MSFT
2024-05-14,91.35600280761719,NVDA
2024-05-15,189.72000122070312,AAPL
2024-05-15,172.50999450683594,GOOGL
2024-05-15,423.0799865722656,MSFT
2024-05-15,94.62999725341797,NVDA
2024-05-16,189.83999633789062,AAPL
2024-05-16,174.17999267578125,GOOGL
2024-05-16,420.989990234375,MSFT
2024-05-16,94.35900115966797,NVDA
2024-05-17,189.8699951171875,AAPL
2024-05-17,176.05999755859375,GOOGL
2024-05-17,420.2099914550781,MSFT
2024-05-17,92.47899627685547,NVDA
2024-05-20,191.0399932861328,AAPL
2024-05-20,176.9199981689453,GOOGL
2024-05-20,425.3399963378906,MSFT
2024-05-20,94.779998779296875,NVDA
2024-05-21,192.35000610351562,AAPL
2024-05-21,177.85000610351562,GOOGL
2024-05-21,429.0400085449219,MSFT
2024-05-21,95.38600158691406,NVDA
2024-05-22,190.89999389648438,AAPL
2024-05-22,176.3800048828125,GOOGL
2024-05-22,430.5199890136719,MSFT
2024-05-22,94.94999694824219,NVDA
2024-05-23,186.8800048828125,AAPL
2024-05-23,173.5500030517578,GOOGL
2024-05-23,427,MSFT
2024-05-23,103.79900360107422,NVDA
2024-05-24,189.97999572753906,AAPL
2024-05-24,174.99000549316406,GOOGL
2024-05-24,430.1600036621094,MSFT
2024-05-24,106.46900177001953,NVDA
2024-05-28,189.99000549316406,AAPL
2024-05-28,176.39999389648438,GOOGL
2024-05-28,430.32000732421875,MSFT
2024-05-28,113.9010009765625,NVDA
2024-05-29,190.2899932861328,AAPL
2024-05-29,175.89999389648438,GOOGL
2024-05-29,429.1700134277344,MSFT
2024-05-29,114.82499694824219,NVDA
2024-05-30,191.2899932861328,AAPL
2024-05-30,172.11000061035156,GOOGL
2024-05-30,414.6700134277344,MSFT
2024-05-30,110.5,NVDA
2024-05-31,192.25,AAPL
2024-05-31,172.5,GOOGL
2024-05-31,415.1300048828125,MSFT
2024-05-31,109.63300323486328,NVDA
2024-06-03,194.02999877929688,AAPL
2024-06-03,173.1699981689453,GOOGL
2024-06-03,413.5199890136719,MSFT
2024-06-03,115,NVDA
2024-06-04,194.35000610351562,AAPL
2024-06-04,173.7899932861328,GOOGL
2024-06-04,416.07000732421875,MSFT
2024-06-04,116.43699645996094,NVDA
2024-06-05,195.8699951171875,AAPL
2024-06-05,175.41000366210938,GOOGL
2024-06-05,424.010009765625,MSFT
2024-06-05,122.44000244140625,NVDA
2024-06-06,194.47999572753906,AAPL
2024-06-06,176.72999572753906,GOOGL
2024-06-06,424.5199890136719,MSFT
2024-06-06,120.99800109863281,NVDA
2024-06-07,196.88999938964844,AAPL
2024-06-07,174.4600067138672,GOOGL
2024-06-07,423.8500061035156,MSFT
2024-06-07,120.88800048828125,NVDA
2024-06-10,193.1199951171875,AAPL
2024-06-10,175.00999450683594,GOOGL
2024-06-10,427.8699951171875,MSFT
2024-06-10,121.79000091552734,NVDA
2024-06-11,207.14999389648438,AAPL
2024-06-11,176.6199951171875,GOOGL
2024-06-11,432.67999267578125,MSFT
2024-06-11,120.91000366210938,NVDA
2024-06-12,213.07000732421875,AAPL
2024-06-12,177.7899932861328,GOOGL
2024-06-12,441.05999755859375,MSFT
2024-06-12,125.19999694824219,NVDA
2024-06-13,214.24000549316406,AAPL
2024-06-13,175.16000366210938,GOOGL
2024-06-13,441.5799865722656,MSFT
2024-06-13,129.61000061035156,NVDA
2024-06-14,212.49000549316406,AAPL
2024-06-14,176.7899932861328,GOOGL
2024-06-14,442.57000732421875,MSFT
2024-06-14,131.8800048828125,NVDA
2024-06-17,216.6699981689453,AAPL
2024-06-17,177.24000549316406,GOOGL
2024-06-17,448.3699951171875,MSFT
2024-06-17,130.97999572753906,NVDA
2024-06-18,214.2899932861328,AAPL
2024-06-18,175.08999633789062,GOOGL
2024-06-18,446.3399963378906,MSFT
2024-06-18,135.5800018310547,NVDA
2024-06-20,209.67999267578125,AAPL
2024-06-20,176.3000030517578,GOOGL
2024-06-20,445.70001220703125,MSFT
2024-06-20,130.77999877929688,NVDA
2024-06-21,207.49000549316406,AAPL
2024-06-21,179.6300048828125,GOOGL
2024-06-21,449.7799987792969,MSFT
2024-06-21,126.56999969482422,NVDA
2024-06-24,208.13999938964844,AAPL
2024-06-24,179.22000122070312,GOOGL
2024-06-24,447.6700134277344,MSFT
2024-06-24,118.11000061035156,NVDA
2024-06-25,209.07000732421875,AAPL
2024-06-25,184.02999877929688,GOOGL
2024-06-25,450.95001220703125,MSFT
2024-06-25,126.08999633789062,NVDA
2024-06-26,213.25,AAPL
2024-06-26,183.8800048828125,GOOGL
2024-06-26,452.1600036621094,MSFT
2024-06-26,126.4000015258789,NVDA
2024-06-27,214.10000610351562,AAPL
2024-06-27,185.41000366210938,GOOGL
2024-06-27,452.8500061035156,MSFT
2024-06-27,123.98999786376953,NVDA
2024-06-28,210.6199951171875,AAPL
2024-06-28,182.14999389648438,GOOGL
2024-06-28,446.95001220703125,MSFT
2024-06-28,123.54000091552734,NVDA
2024-07-01,216.75,AAPL
2024-07-01,182.99000549316406,GOOGL
2024-07-01,456.7300109863281,MSFT
2024-07-01,124.30000305175781,NVDA
2024-07-02,220.27000427246094,AAPL
2024-07-02,185.24000549316406,GOOGL
2024-07-02,459.2799987792969,MSFT
2024-07-02,122.66999816894531,NVDA
2024-07-03,221.5500030517578,AAPL
2024-07-03,185.82000732421875,GOOGL
2024-07-03,460.7699890136719,MSFT
2024-07-03,128.27999877929688,NVDA
2024-07-05,226.33999633789062,AAPL
2024-07-05,190.60000610351562,GOOGL
2024-07-05,467.55999755859375,MSFT
2024-07-05,125.83000183105469,NVDA
2024-07-08,227.82000732421875,AAPL
2024-07-08,189.02999877929688,GOOGL
2024-07-08,466.239990234375,MSFT
2024-07-08,128.1999969482422,NVDA
2024-07-09,228.67999267578125,AAPL
2024-07-09,188.97999572753906,GOOGL
2024-07-09,459.5400085449219,MSFT
2024-07-09,131.3800048828125,NVDA
2024-07-10,232.97999572753906,AAPL
2024-07-10,191.17999267578125,GOOGL
2024-07-10,466.25,MSFT
2024-07-10,134.91000366210938,NVDA
2024-07-11,227.57000732421875,AAPL
2024-07-11,185.57000732421875,GOOGL
2024-07-11,454.70001220703125,MSFT
2024-07-11,127.4000015258789,NVDA
2024-07-12,230.5399932861328,AAPL
2024-07-12,185.07000732421875,GOOGL
2024-07-12,453.54998779296875,MSFT
2024-07-12,129.24000549316406,NVDA
2024-07-15,234.39999389648438,AAPL
2024-07-15,186.52999877929688,GOOGL
2024-07-15,453.9599914550781,MSFT
2024-07-15,128.44000244140625,NVDA
2024-07-16,234.82000732421875,AAPL
2024-07-16,183.9199981689453,GOOGL
2024-07-16,449.5199890136719,MSFT
2024-07-16,126.36000061035156,NVDA
2024-07-17,228.8800048828125,AAPL
2024-07-17,181.02000427246094,GOOGL
2024-07-17,443.5199890136719,MSFT
2024-07-17,117.98999786376953,NVDA
2024-07-18,224.17999267578125,AAPL
2024-07-18,177.69000244140625,GOOGL
2024-07-18,440.3699951171875,MSFT
2024-07-18,121.08999633789062,NVDA
2024-07-19,224.30999755859375,AAPL
2024-07-19,177.66000366210938,GOOGL
2024-07-19,437.1099853515625,MSFT
2024-07-19,117.93000030517578,NVDA
2024-07-22,223.9600067138672,AAPL
2024-07-22,181.6699981689453,GOOGL
2024-07-22,442.94000244140625,MSFT
2024-07-22,123.54000091552734,NVDA
2024-07-23,225.00999450683594,AAPL
2024-07-23,181.7899932861328,GOOGL
2024-07-23,444.8500061035156,MSFT
2024-07-23,122.58999633789062,NVDA
2024-07-24,218.5399932861328,AAPL
2024-07-24,172.6300048828125,GOOGL
2024-07-24,428.8999938964844,MSFT
2024-07-24,114.25,NVDA
2024-07-25,217.49000549316406,AAPL
2024-07-25,167.27999877929688,GOOGL
2024-07-25,418.3999938964844,MSFT
2024-07-25,112.27999877929688,NVDA
2024-07-26,217.9600067138672,AAPL
2024-07-26,167,GOOGL
2024-07-26,425.2699890136719,MSFT
2024-07-26,113.05999755859375,NVDA
2024-07-29,218.24000549316406,AAPL
2024-07-29,169.52999877929688,GOOGL
2024-07-29,426.7300109863281,MSFT
2024-07-29,111.58999633789062,NVDA
2024-07-30,218.8000030517578,AAPL
2024-07-30,170.2899932861328,GOOGL
2024-07-30,422.9200134277344,MSFT
2024-07-30,103.7300033569336,NVDA
2024-07-31,222.0800018310547,AAPL
2024-07-31,171.5399932861328,GOOGL
2024-07-31,418.3500061035156,MSFT
2024-07-31,117.0199966430664,NVDA
2024-08-01,218.36000061035156,AAPL
2024-08-01,170.75999450683594,GOOGL
2024-08-01,417.1099853515625,MSFT
2024-08-01,109.20999908447266,NVDA
2024-08-02,219.86000061035156,AAPL
2024-08-02,166.66000366210938,GOOGL
2024-08-02,408.489990234375,MSFT
2024-08-02,107.2699966430664,NVDA
2024-08-05,209.27000427246094,AAPL
2024-08-05,159.25,GOOGL
2024-08-05,395.1499938964844,MSFT
2024-08-05,100.44999694824219,NVDA
2024-08-06,207.22999572753906,AAPL
2024-08-06,158.2899932861328,GOOGL
2024-08-06,399.6099853515625,MSFT
2024-08-06,104.25,NVDA
2024-08-07,209.82000732421875,AAPL
2024-08-07,158.94000244140625,GOOGL
2024-08-07,398.42999267578125,MSFT
2024-08-07,98.910003662109375,NVDA
2024-08-08,213.30999755859375,AAPL
2024-08-08,162.02999877929688,GOOGL
2024-08-08,402.69000244140625,MSFT
2024-08-08,104.97000122070312,NVDA
2024-08-09,216.24000549316406,AAPL
2024-08-09,163.6699981689453,GOOGL
2024-08-09,406.0199890136719,MSFT
2024-08-09,104.75,NVDA
2024-08-12,217.52999877929688,AAPL
2024-08-12,162.2899932861328,GOOGL
2024-08-12,406.80999755859375,MSFT
2024-08-12,109.0199966430664,NVDA
2024-08-13,221.27000427246094,AAPL
2024-08-13,164.16000366210938,GOOGL
2024-08-13,414.010009765625,MSFT
2024-08-13,116.13999938964844,NVDA
2024-08-14,221.72000122070312,AAPL
2024-08-14,160.3699951171875,GOOGL
2024-08-14,416.8599853515625,MSFT
2024-08-14,118.08000183105469,NVDA
2024-08-15,224.72000122070312,AAPL
2024-08-15,161.3000030517578,GOOGL
2024-08-15,421.0299987792969,MSFT
2024-08-15,122.86000061035156,NVDA
2024-08-16,226.0500030517578,AAPL
2024-08-16,162.9600067138672,GOOGL
2024-08-16,418.4700012207031,MSFT
2024-08-16,124.58000183105469,NVDA
2024-08-19,225.88999938964844,AAPL
2024-08-19,166.6699981689453,GOOGL
2024-08-19,421.5299987792969,MSFT
2024-08-19,130,NVDA
2024-08-20,226.50999450683594,AAPL
2024-08-20,167.17999267578125,GOOGL
2024-08-20,424.79998779296875,MSFT
2024-08-20,127.25,NVDA
2024-08-21,226.39999389648438,AAPL
2024-08-21,165.85000610351562,GOOGL
2024-08-21,424.1400146484375,MSFT
2024-08-21,128.5,NVDA
2024-08-22,224.52999877929688,AAPL
2024-08-22,163.8000030517578,GOOGL
2024-08-22,415.54998779296875,MSFT
2024-08-22,123.73999786376953,NVDA
2024-08-23,226.83999633789062,AAPL
2024-08-23,165.6199951171875,GOOGL
2024-08-23,416.7900085449219,MSFT
2024-08-23,129.3699951171875,NVDA
2024-08-26,227.17999267578125,AAPL
2024-08-26,166.16000366210938,GOOGL
2024-08-26,413.489990234375,MSFT
2024-08-26,126.45999908447266,NVDA
2024-08-27,228.02999877929688,AAPL
2024-08-27,164.67999267578125,GOOGL
2024-08-27,413.8399963378906,MSFT
2024-08-27,128.3000030517578,NVDA
2024-08-28,226.49000549316406,AAPL
2024-08-28,162.85000610351562,GOOGL
2024-08-28,410.6000061035156,MSFT
2024-08-28,125.61000061035156,NVDA
2024-08-29,229.7899932861328,AAPL
2024-08-29,161.77999877929688,GOOGL
2024-08-29,413.1199951171875,MSFT
2024-08-29,117.58999633789062,NVDA
2024-08-30,229,AAPL
2024-08-30,163.3800048828125,GOOGL
2024-08-30,417.1400146484375,MSFT
2024-08-30,119.37000274658203,NVDA
2024-09-03,222.77000427246094,AAPL
2024-09-03,157.36000061035156,GOOGL
2024-09-03,409.44000244140625,MSFT
2024-09-03,108,NVDA
2024-09-04,220.85000610351562,AAPL
2024-09-04,156.4499969482422,GOOGL
2024-09-04,408.8999938964844,MSFT
2024-09-04,106.20999908447266,NVDA
2024-09-05,222.3800048828125,AAPL
2024-09-05,157.24000549316406,GOOGL
2024-09-05,408.3900146484375,MSFT
2024-09-05,107.20999908447266,NVDA
2024-09-06,220.82000732421875,AAPL
2024-09-06,150.9199981689453,GOOGL
2024-09-06,401.70001220703125,MSFT
2024-09-06,102.83000183105469,NVDA
2024-09-09,220.91000366210938,AAPL
2024-09-09,148.7100067138672,GOOGL
2024-09-09,405.7200012207031,MSFT
2024-09-09,106.47000122070312,NVDA
2024-09-10,220.11000061035156,AAPL
2024-09-10,148.66000366210938,GOOGL
2024-09-10,414.20001220703125,MSFT
2024-09-10,108.0999984741211,NVDA
2024-09-11,222.66000366210938,AAPL
2024-09-11,151.16000366210938,GOOGL
2024-09-11,423.0400085449219,MSFT
2024-09-11,116.91000366210938,NVDA
2024-09-12,222.77000427246094,AAPL
2024-09-12,154.69000244140625,GOOGL
2024-09-12,427,MSFT
2024-09-12,119.13999938964844,NVDA
2024-09-13,222.5,AAPL
2024-09-13,157.4600067138672,GOOGL
2024-09-13,430.5899963378906,MSFT
2024-09-13,119.0999984741211,NVDA
2024-09-16,216.32000732421875,AAPL
2024-09-16,158.05999755859375,GOOGL
2024-09-16,431.3399963378906,MSFT
2024-09-16,116.77999877929688,NVDA
2024-09-17,216.7899932861328,AAPL
2024-09-17,159.32000732421875,GOOGL
2024-09-17,435.1499938964844,MSFT
2024-09-17,115.58999633789062,NVDA
2024-09-18,220.69000244140625,AAPL
2024-09-18,159.80999755859375,GOOGL
2024-09-18,430.80999755859375,MSFT
2024-09-18,113.37000274658203,NVDA
2024-09-19,228.8699951171875,AAPL
2024-09-19,162.13999938964844,GOOGL
2024-09-19,438.69000244140625,MSFT
2024-09-19,117.87000274658203,NVDA
2024-09-20,228.1999969482422,AAPL
2024-09-20,163.58999633789062,GOOGL
2024-09-20,435.2699890136719,MSFT
2024-09-20,116,NVDA
2024-09-23,226.47000122070312,AAPL
2024-09-23,161.85000610351562,GOOGL
2024-09-23,433.510009765625,MSFT
2024-09-23,116.26000213623047,NVDA
2024-09-24,227.3699951171875,AAPL
2024-09-24,162.2899932861328,GOOGL
2024-09-24,429.1700134277344,MSFT
2024-09-24,120.87000274658203,NVDA
2024-09-25,226.3699951171875,AAPL
2024-09-25,161.49000549316406,GOOGL
2024-09-25,432.1099853515625,MSFT
2024-09-25,123.51000213623047,NVDA
2024-09-26,227.52000427246094,AAPL
2024-09-26,162.72999572753906,GOOGL
2024-09-26,431.30999755859375,MSFT
2024-09-26,124.04000091552734,NVDA
2024-09-27,227.7899932861328,AAPL
2024-09-27,163.9499969482422,GOOGL
2024-09-27,428.0199890136719,MSFT
2024-09-27,121.4000015258789,NVDA
2024-09-30,233,AAPL
2024-09-30,165.85000610351562,GOOGL
2024-09-30,430.29998779296875,MSFT
2024-09-30,121.44000244140625,NVDA
2024-10-01,226.2100067138672,AAPL
2024-10-01,166.99000549316406,GOOGL
2024-10-01,420.69000244140625,MSFT
2024-10-01,117,NVDA
2024-10-02,226.77999877929688,AAPL
2024-10-02,165.86000061035156,GOOGL
2024-10-02,417.1300048828125,MSFT
2024-10-02,118.8499984741211,NVDA
2024-10-03,225.6699981689453,AAPL
2024-10-03,165.86000061035156,GOOGL
2024-10-03,416.5400085449219,MSFT
2024-10-03,122.8499984741211,NVDA
2024-10-04,226.8000030517578,AAPL
2024-10-04,167.05999755859375,GOOGL
2024-10-04,416.05999755859375,MSFT
2024-10-04,124.91999816894531,NVDA
2024-10-07,221.69000244140625,AAPL
2024-10-07,162.97999572753906,GOOGL
2024-10-07,409.5400085449219,MSFT
2024-10-07,127.72000122070312,NVDA
2024-10-08,225.77000427246094,AAPL
2024-10-08,164.3800048828125,GOOGL
2024-10-08,414.7099914550781,MSFT
2024-10-08,132.88999938964844,NVDA
2024-10-09,229.5399932861328,AAPL
2024-10-09,161.86000061035156,GOOGL
2024-10-09,417.4599914550781,MSFT
2024-10-09,132.64999389648438,NVDA
2024-10-10,229.0399932861328,AAPL
2024-10-10,162.0800018310547,GOOGL
2024-10-10,415.8399963378906,MSFT
2024-10-10,134.80999755859375,NVDA
2024-10-11,227.5500030517578,AAPL
2024-10-11,163.24000549316406,GOOGL
2024-10-11,416.32000732421875,MSFT
2024-10-11,134.8000030517578,NVDA
2024-10-14,231.3000030517578,AAPL
2024-10-14,164.9600067138672,GOOGL
2024-10-14,419.1400146484375,MSFT
2024-10-14,138.07000732421875,NVDA
2024-10-15,233.85000610351562,AAPL
2024-10-15,165.4600067138672,GOOGL
2024-10-15,418.739990234375,MSFT
2024-10-15,131.60000610351562,NVDA
2024-10-16,231.77999877929688,AAPL
2024-10-16,165.16000366210938,GOOGL
2024-10-16,416.1199951171875,MSFT
2024-10-16,135.72000122070312,NVDA
2024-10-17,232.14999389648438,AAPL
2024-10-17,162.92999267578125,GOOGL
2024-10-17,416.7200012207031,MSFT
2024-10-17,136.92999267578125,NVDA
2024-10-18,235,AAPL
2024-10-18,163.4199981689453,GOOGL
2024-10-18,418.1600036621094,MSFT
2024-10-18,138,NVDA
2024-10-21,236.47999572753906,AAPL
2024-10-21,164.07000732421875,GOOGL
2024-10-21,418.7799987792969,MSFT
2024-10-21,143.7100067138672,NVDA
2024-10-22,235.86000061035156,AAPL
2024-10-22,165.13999938964844,GOOGL
2024-10-22,427.510009765625,MSFT
2024-10-22,143.58999633789062,NVDA
2024-10-23,230.75999450683594,AAPL
2024-10-23,162.77999877929688,GOOGL
2024-10-23,424.6000061035156,MSFT
2024-10-23,139.55999755859375,NVDA
2024-10-24,230.57000732421875,AAPL
2024-10-24,162.72000122070312,GOOGL
2024-10-24,424.7300109863281,MSFT
2024-10-24,140.41000366210938,NVDA
2024-10-25,231.41000366210938,AAPL
2024-10-25,165.27000427246094,GOOGL
2024-10-25,428.1499938964844,MSFT
2024-10-25,141.5399932861328,NVDA
2024-10-28,233.39999389648438,AAPL
2024-10-28,166.72000122070312,GOOGL
2024-10-28,426.5899963378906,MSFT
2024-10-28,140.52000427246094,NVDA
2024-10-29,233.6699981689453,AAPL
2024-10-29,169.67999267578125,GOOGL
2024-10-29,431.95001220703125,MSFT
2024-10-29,141.25,NVDA
2024-10-30,230.10000610351562,AAPL
2024-10-30,174.4600067138672,GOOGL
2024-10-30,432.5299987792969,MSFT
2024-10-30,139.33999633789062,NVDA
2024-10-31,225.91000366210938,AAPL
2024-10-31,171.11000061035156,GOOGL
2024-10-31,406.3500061035156,MSFT
2024-10-31,132.75999450683594,NVDA
2024-11-01,222.91000366210938,AAPL
2024-11-01,171.2899932861328,GOOGL
2024-11-01,410.3699951171875,MSFT
2024-11-01,135.39999389648438,NVDA
2024-11-04,222.00999450683594,AAPL
2024-11-04,169.24000549316406,GOOGL
2024-11-04,408.4599914550781,MSFT
2024-11-04,136.0500030517578,NVDA
2024-11-05,223.4499969482422,AAPL
2024-11-05,169.74000549316406,GOOGL
2024-11-05,411.4599914550781,MSFT
2024-11-05,139.91000366210938,NVDA
2024-11-06,222.72000122070312,AAPL
2024-11-06,176.50999450683594,GOOGL
2024-11-06,420.17999267578125,MSFT
2024-11-06,145.61000061035156,NVDA
2024-11-07,227.47999572753906,AAPL
2024-11-07,180.75,GOOGL
2024-11-07,425.42999267578125,MSFT
2024-11-07,148.8800048828125,NVDA
2024-11-08,226.9600067138672,AAPL
2024-11-08,178.35000610351562,GOOGL
2024-11-08,422.5400085449219,MSFT
2024-11-08,147.6300048828125,NVDA
2024-11-11,224.22999572753906,AAPL
2024-11-11,180.35000610351562,GOOGL
2024-11-11,418.010009765625,MSFT
2024-11-11,145.25999450683594,NVDA
2024-11-12,224.22999572753906,AAPL
2024-11-12,181.6199951171875,GOOGL
2024-11-12,423.0299987792969,MSFT
2024-11-12,148.2899932861328,NVDA
2024-11-13,225.1199951171875,AAPL
2024-11-13,178.8800048828125,GOOGL
2024-11-13,425.20001220703125,MSFT
2024-11-13,146.27000427246094,NVDA
2024-11-14,228.22000122070312,AAPL
2024-11-14,175.5800018310547,GOOGL
2024-11-14,426.8900146484375,MSFT
2024-11-14,146.75999450683594,NVDA
2024-11-15,225,AAPL
2024-11-15,172.49000549316406,GOOGL
2024-11-15,415,MSFT
2024-11-15,141.97999572753906,NVDA
2024-11-18,228.02000427246094,AAPL
2024-11-18,175.3000030517578,GOOGL
2024-11-18,415.760009765625,MSFT
2024-11-18,140.14999389648438,NVDA
2024-11-19,228.27999877929688,AAPL
2024-11-19,178.1199951171875,GOOGL
2024-11-19,417.7900085449219,MSFT
2024-11-19,147.00999450683594,NVDA
2024-11-20,229,AAPL
2024-11-20,175.97999572753906,GOOGL
2024-11-20,415.489990234375,MSFT
2024-11-20,145.88999938964844,NVDA
2024-11-21,228.52000427246094,AAPL
2024-11-21,167.6300048828125,GOOGL
2024-11-21,412.8699951171875,MSFT
2024-11-21,146.6699981689453,NVDA
2024-11-22,229.8699951171875,AAPL
2024-11-22,164.75999450683594,GOOGL
2024-11-22,417,MSFT
2024-11-22,141.9499969482422,NVDA
2024-11-25,232.8699951171875,AAPL
2024-11-25,167.64999389648438,GOOGL
2024-11-25,418.7900085449219,MSFT
2024-11-25,136.02000427246094,NVDA
2024-11-26,235.05999755859375,AAPL
2024-11-26,169.1199951171875,GOOGL
2024-11-26,427.989990234375,MSFT
2024-11-26,136.9199981689453,NVDA
2024-11-27,234.92999267578125,AAPL
2024-11-27,169.22999572753906,GOOGL
2024-11-27,422.989990234375,MSFT
2024-11-27,135.33999633789062,NVDA
2024-11-29,237.3300018310547,AAPL
2024-11-29,168.9499969482422,GOOGL
2024-11-29,423.4599914550781,MSFT
2024-11-29,138.25,NVDA
2024-12-02,239.58999633789062,AAPL
2024-12-02,171.49000549316406,GOOGL
2024-12-02,430.9800109863281,MSFT
2024-12-02,138.6300048828125,NVDA
2024-12-03,242.64999389648438,AAPL
2024-12-03,171.33999633789062,GOOGL
2024-12-03,431.20001220703125,MSFT
2024-12-03,140.25999450683594,NVDA
2024-12-04,243.00999450683594,AAPL
2024-12-04,174.3699951171875,GOOGL
2024-12-04,437.4200134277344,MSFT
2024-12-04,145.13999938964844,NVDA
2024-12-05,243.0399932861328,AAPL
2024-12-05,172.63999938964844,GOOGL
2024-12-05,442.6199951171875,MSFT
2024-12-05,145.05999755859375,NVDA
2024-12-06,242.83999633789062,AAPL
2024-12-06,174.7100067138672,GOOGL
2024-12-06,443.57000732421875,MSFT
2024-12-06,142.44000244140625,NVDA
2024-12-09,246.75,AAPL
2024-12-09,175.3699951171875,GOOGL
2024-12-09,446.0199890136719,MSFT
2024-12-09,138.80999755859375,NVDA
2024-12-10,247.77000427246094,AAPL
2024-12-10,185.1699981689453,GOOGL
2024-12-10,443.3299865722656,MSFT
2024-12-10,135.07000732421875,NVDA
2024-12-11,246.49000549316406,AAPL
2024-12-11,195.39999389648438,GOOGL
2024-12-11,448.989990234375,MSFT
2024-12-11,139.30999755859375,NVDA
2024-12-12,247.9600067138672,AAPL
2024-12-12,191.9600067138672,GOOGL
2024-12-12,449.55999755859375,MSFT
2024-12-12,137.33999633789062,NVDA
2024-12-13,248.1300048828125,AAPL
2024-12-13,189.82000732421875,GOOGL
2024-12-13,447.2699890136719,MSFT
2024-12-13,134.25,NVDA
2024-12-16,251.0399932861328,AAPL
2024-12-16,196.66000366210938,GOOGL
2024-12-16,451.5899963378906,MSFT
2024-12-16,132,NVDA
2024-12-17,253.47999572753906,AAPL
2024-12-17,195.4199981689453,GOOGL
2024-12-17,454.4599914550781,MSFT
2024-12-17,130.38999938964844,NVDA
2024-12-18,248.0500030517578,AAPL
2024-12-18,188.39999389648438,GOOGL
2024-12-18,437.3900146484375,MSFT
2024-12-18,128.91000366210938,NVDA
2024-12-19,249.7899932861328,AAPL
2024-12-19,188.50999450683594,GOOGL
2024-12-19,437.0299987792969,MSFT
2024-12-19,130.67999267578125,NVDA
2024-12-20,254.49000549316406,AAPL
2024-12-20,191.41000366210938,GOOGL
2024-12-20,436.6000061035156,MSFT
2024-12-20,134.6999969482422,NVDA
2024-12-23,255.27000427246094,AAPL
2024-12-23,194.6300048828125,GOOGL
2024-12-23,435.25,MSFT
2024-12-23,139.6699981689453,NVDA
2024-12-24,258.20001220703125,AAPL
2024-12-24,196.11000061035156,GOOGL
2024-12-24,439.3299865722656,MSFT
2024-12-24,140.22000122070312,NVDA
2024-12-26,259.0199890136719,AAPL
2024-12-26,195.60000610351562,GOOGL
2024-12-26,438.1099853515625,MSFT
2024-12-26,139.92999267578125,NVDA
2024-12-27,255.58999633789062,AAPL
2024-12-27,192.75999450683594,GOOGL
2024-12-27,430.5299987792969,MSFT
2024-12-27,137.00999450683594,NVDA
2024-12-30,252.1999969482422,AAPL
2024-12-30,191.24000549316406,GOOGL
2024-12-30,424.8299865722656,MSFT
2024-12-30,137.49000549316406,NVDA
2024-12-31,250.4199981689453,AAPL
2024-12-31,189.3000030517578,GOOGL
2024-12-31,421.5,MSFT
2024-12-31,134.2899932861328,NVDA
2025-01-02,243.85000610351562,AAPL
2025-01-02,189.42999267578125,GOOGL
2025-01-02,418.5799865722656,MSFT
2025-01-02,138.30999755859375,NVDA
2025-01-03,243.36000061035156,AAPL
2025-01-03,191.7899932861328,GOOGL
2025-01-03,423.3500061035156,MSFT
2025-01-03,144.47000122070312,NVDA
2025-01-06,245,AAPL
2025-01-06,196.8699951171875,GOOGL
2025-01-06,427.8500061035156,MSFT
2025-01-06,149.42999267578125,NVDA
2025-01-07,242.2100067138672,AAPL
2025-01-07,195.49000549316406,GOOGL
2025-01-07,422.3699951171875,MSFT
2025-01-07,140.13999938964844,NVDA
2025-01-08,242.6999969482422,AAPL
2025-01-08,193.9499969482422,GOOGL
2025-01-08,424.55999755859375,MSFT
2025-01-08,140.11000061035156,NVDA
2025-01-10,236.85000610351562,AAPL
2025-01-10,192.0399932861328,GOOGL
2025-01-10,418.95001220703125,MSFT
2025-01-10,135.91000366210938,NVDA
2025-01-13,234.39999389648438,AAPL
2025-01-13,191.00999450683594,GOOGL
2025-01-13,417.19000244140625,MSFT
2025-01-13,133.22999572753906,NVDA
2025-01-14,233.27999877929688,AAPL
2025-01-14,189.66000366210938,GOOGL
2025-01-14,415.6700134277344,MSFT
2025-01-14,131.75999450683594,NVDA
2025-01-15,237.8699951171875,AAPL
2025-01-15,195.5500030517578,GOOGL
2025-01-15,426.30999755859375,MSFT
2025-01-15,136.24000549316406,NVDA
2025-01-16,228.25999450683594,AAPL
2025-01-16,192.91000366210938,GOOGL
2025-01-16,424.5799865722656,MSFT
2025-01-16,133.57000732421875,NVDA
2025-01-17,229.97999572753906,AAPL
2025-01-17,196,GOOGL
2025-01-17,429.0299987792969,MSFT
2025-01-17,137.7100067138672,NVDA
2025-01-21,222.63999938964844,AAPL
2025-01-21,198.0500030517578,GOOGL
2025-01-21,428.5,MSFT
2025-01-21,140.8300018310547,NVDA
2025-01-22,223.8300018310547,AAPL
2025-01-22,198.3699951171875,GOOGL
2025-01-22,446.20001220703125,MSFT
2025-01-22,147.07000732421875,NVDA
2025-01-23,223.66000366210938,AAPL
2025-01-23,197.97999572753906,GOOGL
2025-01-23,446.7099914550781,MSFT
2025-01-23,147.22000122070312,NVDA
2025-01-24,222.77999877929688,AAPL
2025-01-24,200.2100067138672,GOOGL
2025-01-24,444.05999755859375,MSFT
2025-01-24,142.6199951171875,NVDA
2025-01-27,229.86000061035156,AAPL
2025-01-27,191.80999755859375,GOOGL
2025-01-27,434.55999755859375,MSFT
2025-01-27,118.41999816894531,NVDA
2025-01-28,238.25999450683594,AAPL
2025-01-28,195.3000030517578,GOOGL
2025-01-28,447.20001220703125,MSFT
2025-01-28,128.99000549316406,NVDA
2025-01-29,239.36000061035156,AAPL
2025-01-29,195.41000366210938,GOOGL
2025-01-29,442.3299865722656,MSFT
2025-01-29,123.69999694824219,NVDA
2025-01-30,237.58999633789062,AAPL
2025-01-30,200.8699951171875,GOOGL
2025-01-30,414.989990234375,MSFT
2025-01-30,124.6500015258789,NVDA
2025-01-31,236,AAPL
2025-01-31,204.02000427246094,GOOGL
2025-01-31,415.05999755859375,MSFT
2025-01-31,120.06999969482422,NVDA
2025-02-03,228.00999450683594,AAPL
2025-02-03,201.22999572753906,GOOGL
2025-02-03,410.9200134277344,MSFT
2025-02-03,116.66000366210938,NVDA
2025-02-04,232.8000030517578,AAPL
2025-02-04,206.3800048828125,GOOGL
2025-02-04,412.3699951171875,MSFT
2025-02-04,118.6500015258789,NVDA
2025-02-05,232.47000122070312,AAPL
2025-02-05,191.3300018310547,GOOGL
2025-02-05,413.2900085449219,MSFT
2025-02-05,124.83000183105469,NVDA
2025-02-06,233.22000122070312,AAPL
2025-02-06,191.60000610351562,GOOGL
2025-02-06,415.82000732421875,MSFT
2025-02-06,128.67999267578125,NVDA
2025-02-07,227.6300048828125,AAPL
2025-02-07,185.33999633789062,GOOGL
2025-02-07,409.75,MSFT
2025-02-07,129.83999633789062,NVDA
2025-02-10,227.64999389648438,AAPL
2025-02-10,186.47000122070312,GOOGL
2025-02-10,412.2200012207031,MSFT
2025-02-10,133.57000732421875,NVDA
2025-02-11,232.6199951171875,AAPL
2025-02-11,185.32000732421875,GOOGL
2025-02-11,411.44000244140625,MSFT
2025-02-11,132.8000030517578,NVDA
2025-02-12,236.8699951171875,AAPL
2025-02-12,183.61000061035156,GOOGL
2025-02-12,409.0400085449219,MSFT
2025-02-12,131.13999938964844,NVDA
2025-02-13,241.52999877929688,AAPL
2025-02-13,186.13999938964844,GOOGL
2025-02-13,410.5400085449219,MSFT
2025-02-13,135.2899932861328,NVDA
2025-02-14,244.60000610351562,AAPL
2025-02-14,185.22999572753906,GOOGL
2025-02-14,408.42999267578125,MSFT
2025-02-14,138.85000610351562,NVDA
2025-02-18,244.47000122070312,AAPL
2025-02-18,183.77000427246094,GOOGL
2025-02-18,409.6400146484375,MSFT
2025-02-18,139.39999389648438,NVDA
2025-02-19,244.8699951171875,AAPL
2025-02-19,185.27000427246094,GOOGL
2025-02-19,414.7699890136719,MSFT
2025-02-19,139.22999572753906,NVDA
2025-02-20,245.8300018310547,AAPL
2025-02-20,184.55999755859375,GOOGL
2025-02-20,416.1300048828125,MSFT
2025-02-20,140.11000061035156,NVDA
2025-02-21,245.5500030517578,AAPL
2025-02-21,179.66000366210938,GOOGL
2025-02-21,408.2099914550781,MSFT
2025-02-21,134.42999267578125,NVDA
2025-02-24,247.10000610351562,AAPL
2025-02-24,179.25,GOOGL
2025-02-24,404,MSFT
2025-02-24,130.27999877929688,NVDA
2025-02-25,247.0399932861328,AAPL
2025-02-25,175.4199981689453,GOOGL
2025-02-25,397.8999938964844,MSFT
2025-02-25,126.62999725341797,NVDA
2025-02-26,240.36000061035156,AAPL
2025-02-26,172.72999572753906,GOOGL
2025-02-26,399.7300109863281,MSFT
2025-02-26,131.27999877929688,NVDA
2025-02-27,237.3000030517578,AAPL
2025-02-27,168.5,GOOGL
2025-02-27,392.5299987792969,MSFT
2025-02-27,120.1500015258789,NVDA
2025-02-28,241.83999633789062,AAPL
2025-02-28,170.27999877929688,GOOGL
2025-02-28,396.989990234375,MSFT
2025-02-28,124.91999816894531,NVDA
2025-03-03,238.02999877929688,AAPL
2025-03-03,167.00999450683594,GOOGL
2025-03-03,388.489990234375,MSFT
2025-03-03,114.05999755859375,NVDA
2025-03-04,235.92999267578125,AAPL
2025-03-04,170.9199981689453,GOOGL
2025-03-04,388.6099853515625,MSFT
2025-03-04,115.98999786376953,NVDA
2025-03-05,235.74000549316406,AAPL
2025-03-05,173.02000427246094,GOOGL
2025-03-05,401.0199890136719,MSFT
2025-03-05,117.30000305175781,NVDA
2025-03-06,235.3300018310547,AAPL
2025-03-06,172.35000610351562,GOOGL
2025-03-06,396.8900146484375,MSFT
2025-03-06,110.56999969482422,NVDA
2025-03-07,239.07000732421875,AAPL
2025-03-07,173.86000061035156,GOOGL
2025-03-07,393.30999755859375,MSFT
2025-03-07,112.69000244140625,NVDA
2025-03-10,227.47999572753906,AAPL
2025-03-10,165.8699951171875,GOOGL
2025-03-10,380.1600036621094,MSFT
2025-03-10,106.9800033569336,NVDA
2025-03-11,220.83999633789062,AAPL
2025-03-11,164.0399932861328,GOOGL
2025-03-11,380.45001220703125,MSFT
2025-03-11,108.76000213623047,NVDA
2025-03-12,216.97999572753906,AAPL
2025-03-12,167.11000061035156,GOOGL
2025-03-12,383.2699890136719,MSFT
2025-03-12,115.73999786376953,NVDA
2025-03-13,209.67999267578125,AAPL
2025-03-13,162.75999450683594,GOOGL
2025-03-13,378.7699890136719,MSFT
2025-03-13,115.58000183105469,NVDA
2025-03-14,213.49000549316406,AAPL
2025-03-14,165.49000549316406,GOOGL
2025-03-14,388.55999755859375,MSFT
2025-03-14,121.66999816894531,NVDA
2025-03-17,214,AAPL
2025-03-17,164.2899932861328,GOOGL
2025-03-17,388.70001220703125,MSFT
2025-03-17,119.52999877929688,NVDA
2025-03-18,212.69000244140625,AAPL
2025-03-18,160.6699981689453,GOOGL
2025-03-18,383.5199890136719,MSFT
2025-03-18,115.43000030517578,NVDA
2025-03-19,215.24000549316406,AAPL
2025-03-19,163.88999938964844,GOOGL
2025-03-19,387.82000732421875,MSFT
2025-03-19,117.5199966430664,NVDA
2025-03-20,214.10000610351562,AAPL
2025-03-20,162.8000030517578,GOOGL
2025-03-20,386.8399963378906,MSFT
2025-03-20,118.52999877929688,NVDA
2025-03-21,218.27000427246094,AAPL
2025-03-21,163.99000549316406,GOOGL
2025-03-21,391.260009765625,MSFT
2025-03-21,117.69999694824219,NVDA
2025-03-24,220.72999572753906,AAPL
2025-03-24,167.67999267578125,GOOGL
2025-03-24,393.0799865722656,MSFT
2025-03-24,121.41000366210938,NVDA
2025-03-25,223.75,AAPL
2025-03-25,170.55999755859375,GOOGL
2025-03-25,395.1600036621094,MSFT
2025-03-25,120.69000244140625,NVDA
2025-03-26,221.52999877929688,AAPL
2025-03-26,165.05999755859375,GOOGL
2025-03-26,389.9700012207031,MSFT
2025-03-26,113.76000213623047,NVDA
2025-03-27,223.85000610351562,AAPL
2025-03-27,162.24000549316406,GOOGL
2025-03-27,390.5799865722656,MSFT
2025-03-27,111.43000030517578,NVDA
2025-03-28,217.89999389648438,AAPL
2025-03-28,154.3300018310547,GOOGL
2025-03-28,378.79998779296875,MSFT
2025-03-28,109.66999816894531,NVDA
2025-03-31,222.1300048828125,AAPL
2025-03-31,154.63999938964844,GOOGL
2025-03-31,375.3900146484375,MSFT
2025-03-31,108.37999725341797,NVDA
2025-04-01,223.19000244140625,AAPL
2025-04-01,157.07000732421875,GOOGL
2025-04-01,382.19000244140625,MSFT
2025-04-01,110.1500015258789,NVDA
2025-04-02,223.88999938964844,AAPL
2025-04-02,157.0399932861328,GOOGL
2025-04-02,382.1400146484375,MSFT
2025-04-02,110.41999816894531,NVDA
2025-04-03,203.19000244140625,AAPL
2025-04-03,150.72000122070312,GOOGL
2025-04-03,373.1099853515625,MSFT
2025-04-03,101.80000305175781,NVDA
2025-04-04,188.3800048828125,AAPL
2025-04-04,145.60000610351562,GOOGL
2025-04-04,359.8399963378906,MSFT
2025-04-04,94.30999755859375,NVDA
2025-04-07,181.4600067138672,AAPL
2025-04-07,146.75,GOOGL
2025-04-07,357.8599853515625,MSFT
2025-04-07,97.63999938964844,NVDA
2025-04-08,172.4199981689453,AAPL
2025-04-08,144.6999969482422,GOOGL
2025-04-08,354.55999755859375,MSFT
2025-04-08,96.30000305175781,NVDA
2025-04-09,198.85000610351562,AAPL
2025-04-09,158.7100067138672,GOOGL
2025-04-09,390.489990234375,MSFT
2025-04-09,114.33000183105469,NVDA
2025-04-10,190.4199981689453,AAPL
2025-04-10,152.82000732421875,GOOGL
2025-04-10,381.3500061035156,MSFT
2025-04-10,107.56999969482422,NVDA
2025-04-11,198.14999389648438,AAPL
2025-04-11,157.13999938964844,GOOGL
2025-04-11,388.45001220703125,MSFT
2025-04-11,110.93000030517578,NVDA
2025-04-14,202.52000427246094,AAPL
2025-04-14,159.07000732421875,GOOGL
2025-04-14,387.80999755859375,MSFT
2025-04-14,110.70999908447266,NVDA
2025-04-15,202.13999938964844,AAPL
2025-04-15,156.30999755859375,GOOGL
2025-04-15,385.7300109863281,MSFT
2025-04-15,112.19999694824219,NVDA
2025-04-16,194.27000427246094,AAPL
2025-04-16,153.3300018310547,GOOGL
2025-04-16,371.6099853515625,MSFT
2025-04-16,104.48999786376953,NVDA
2025-04-17,196.97999572753906,AAPL
2025-04-17,151.16000366210938,GOOGL
2025-04-17,367.7799987792969,MSFT
2025-04-17,101.48999786376953,NVDA
2025-04-21,193.16000366210938,AAPL
2025-04-21,147.6699981689453,GOOGL
2025-04-21,359.1199951171875,MSFT
2025-04-21,96.910003662109375,NVDA
2025-04-22,199.74000549316406,AAPL
2025-04-22,151.47000122070312,GOOGL
2025-04-22,366.82000732421875,MSFT
2025-04-22,98.88999938964844,NVDA
2025-04-23,204.60000610351562,AAPL
2025-04-23,155.35000610351562,GOOGL
2025-04-23,374.3900146484375,MSFT
2025-04-23,102.70999908447266,NVDA
2025-04-24,208.3699951171875,AAPL
2025-04-24,159.27999877929688,GOOGL
2025-04-24,387.29998779296875,MSFT
2025-04-24,106.43000030517578,NVDA
2025-04-25,209.27999877929688,AAPL
2025-04-25,161.9600067138672,GOOGL
2025-04-25,391.8500061035156,MSFT
2025-04-25,111.01000213623047,NVDA
2025-04-28,210.13999938964844,AAPL
2025-04-28,160.61000061035156,GOOGL
2025-04-28,391.1600036621094,MSFT
2025-04-28,108.7300033569336,NVDA
2025-04-29,211.2100067138672,AAPL
2025-04-29,160.16000366210938,GOOGL
2025-04-29,394.0400085449219,MSFT
2025-04-29,109.0199966430664,NVDA
2025-04-30,212.5,AAPL
2025-04-30,158.8000030517578,GOOGL
2025-04-30,395.260009765625,MSFT
2025-04-30,108.91999816894531,NVDA
2025-05-01,213.32000732421875,AAPL
2025-05-01,161.3000030517578,GOOGL
2025-05-01,425.3999938964844,MSFT
2025-05-01,111.61000061035156,NVDA
2025-05-02,205.35000610351562,AAPL
2025-05-02,164.02999877929688,GOOGL
2025-05-02,435.2799987792969,MSFT
2025-05-02,114.5,NVDA
2025-05-05,198.88999938964844,AAPL
2025-05-05,164.2100067138672,GOOGL
2025-05-05,436.1700134277344,MSFT
2025-05-05,113.81999969482422,NVDA
2025-05-06,198.50999450683594,AAPL
2025-05-06,163.22999572753906,GOOGL
2025-05-06,433.30999755859375,MSFT
2025-05-06,113.54000091552734,NVDA
2025-05-07,196.25,AAPL
2025-05-07,151.3800048828125,GOOGL
2025-05-07,433.3500061035156,MSFT
2025-05-07,117.05999755859375,NVDA
2025-05-08,197.49000549316406,AAPL
2025-05-08,154.27999877929688,GOOGL
2025-05-08,438.1700134277344,MSFT
2025-05-08,117.37000274658203,NVDA
2025-05-09,198.52999877929688,AAPL
2025-05-09,152.75,GOOGL
2025-05-09,438.7300109863281,MSFT
2025-05-09,116.6500015258789,NVDA
2025-05-12,210.7899932861328,AAPL
2025-05-12,158.4600067138672,GOOGL
2025-05-12,449.260009765625,MSFT
2025-05-12,123,NVDA
2025-05-13,212.92999267578125,AAPL
2025-05-13,159.52999877929688,GOOGL
2025-05-13,449.1400146484375,MSFT
2025-05-13,129.92999267578125,NVDA
2025-05-14,212.3300018310547,AAPL
2025-05-14,165.3699951171875,GOOGL
2025-05-14,452.94000244140625,MSFT
2025-05-14,135.33999633789062,NVDA
2025-05-15,211.4499969482422,AAPL
2025-05-15,163.9600067138672,GOOGL
2025-05-15,453.1300048828125,MSFT
2025-05-15,134.8300018310547,NVDA
2025-05-16,211.25999450683594,AAPL
2025-05-16,166.19000244140625,GOOGL
2025-05-16,454.2699890136719,MSFT
2025-05-16,135.39999389648438,NVDA
2025-05-19,208.77999877929688,AAPL
2025-05-19,166.5399932861328,GOOGL
2025-05-19,458.8699951171875,MSFT
2025-05-19,135.57000732421875,NVDA
2025-05-20,206.86000061035156,AAPL
2025-05-20,163.97999572753906,GOOGL
2025-05-20,458.1700134277344,MSFT
2025-05-20,134.3800048828125,NVDA
2025-05-21,202.08999633789062,AAPL
2025-05-21,168.55999755859375,GOOGL
2025-05-21,452.57000732421875,MSFT
2025-05-21,131.8000030517578,NVDA
2025-05-22,201.36000061035156,AAPL
2025-05-22,170.8699951171875,GOOGL
2025-05-22,454.8599853515625,MSFT
2025-05-22,132.8300018310547,NVDA
2025-05-23,195.27000427246094,AAPL
2025-05-23,168.47000122070312,GOOGL
2025-05-23,450.17999267578125,MSFT
2025-05-23,131.2899932861328,NVDA
2025-05-27,200.2100067138672,AAPL
2025-05-27,172.89999389648438,GOOGL
2025-05-27,460.69000244140625,MSFT
2025-05-27,135.5,NVDA
2025-05-28,200.4199981689453,AAPL
2025-05-28,172.36000061035156,GOOGL
2025-05-28,457.3599853515625,MSFT
2025-05-28,134.80999755859375,NVDA
2025-05-29,199.9499969482422,AAPL
2025-05-29,171.86000061035156,GOOGL
2025-05-29,458.67999267578125,MSFT
2025-05-29,139.19000244140625,NVDA
2025-05-30,200.85000610351562,AAPL
2025-05-30,171.74000549316406,GOOGL
2025-05-30,460.3599853515625,MSFT
2025-05-30,135.1300048828125,NVDA
2025-06-02,201.6999969482422,AAPL
2025-06-02,169.02999877929688,GOOGL
2025-06-02,461.9700012207031,MSFT
2025-06-02,137.3800048828125,NVDA
2025-06-03,203.27000427246094,AAPL
2025-06-03,166.17999267578125,GOOGL
2025-06-03,462.9700012207031,MSFT
2025-06-03,141.22000122070312,NVDA
2025-06-04,202.82000732421875,AAPL
2025-06-04,168.0500030517578,GOOGL
2025-06-04,463.8699951171875,MSFT
2025-06-04,141.9199981689453,NVDA
2025-06-05,200.6300048828125,AAPL
2025-06-05,168.2100067138672,GOOGL
2025-06-05,467.67999267578125,MSFT
2025-06-05,139.99000549316406,NVDA
2025-06-06,203.9199981689453,AAPL
2025-06-06,173.67999267578125,GOOGL
2025-06-06,470.3800048828125,MSFT
2025-06-06,141.72000122070312,NVDA
2025-06-09,201.4499969482422,AAPL
2025-06-09,176.08999633789062,GOOGL
2025-06-09,472.75,MSFT
2025-06-09,142.6300048828125,NVDA
2025-06-10,202.6699981689453,AAPL
2025-06-10,178.60000610351562,GOOGL
2025-06-10,470.9200134277344,MSFT
2025-06-10,143.9600067138672,NVDA
2025-06-11,198.77999877929688,AAPL
2025-06-11,177.35000610351562,GOOGL
2025-06-11,472.6199951171875,MSFT
2025-06-11,142.8300018310547,NVDA
2025-06-12,199.1999969482422,AAPL
2025-06-12,175.6999969482422,GOOGL
2025-06-12,478.8699951171875,MSFT
2025-06-12,145,NVDA
2025-06-13,196.4499969482422,AAPL
2025-06-13,174.6699981689453,GOOGL
2025-06-13,474.9599914550781,MSFT
2025-06-13,141.97000122070312,NVDA
2025-06-16,198.4199981689453,AAPL
2025-06-16,176.77000427246094,GOOGL
2025-06-16,479.1400146484375,MSFT
2025-06-16,144.69000244140625,NVDA
2025-06-17,195.63999938964844,AAPL
2025-06-17,175.9499969482422,GOOGL
2025-06-17,478.0400085449219,MSFT
2025-06-17,144.1199951171875,NVDA
2025-06-18,196.5800018310547,AAPL
2025-06-18,173.32000732421875,GOOGL
2025-06-18,480.239990234375,MSFT
2025-06-18,145.47999572753906,NVDA
2025-06-20,201,AAPL
2025-06-20,166.63999938964844,GOOGL
2025-06-20,477.3999938964844,MSFT
2025-06-20,143.85000610351562,NVDA
2025-06-23,201.5,AAPL
2025-06-23,165.19000244140625,GOOGL
2025-06-23,486,MSFT
2025-06-23,144.1699981689453,NVDA
2025-06-24,200.3000030517578,AAPL
2025-06-24,166.77000427246094,GOOGL
2025-06-24,490.1099853515625,MSFT
2025-06-24,147.89999389648438,NVDA
2025-06-25,201.55999755859375,AAPL
2025-06-25,170.67999267578125,GOOGL
2025-06-25,492.2699890136719,MSFT
2025-06-25,154.30999755859375,NVDA
2025-06-26,201,AAPL
2025-06-26,173.5399932861328,GOOGL
2025-06-26,497.45001220703125,MSFT
2025-06-26,155.02000427246094,NVDA
2025-06-27,201.0800018310547,AAPL
2025-06-27,178.52999877929688,GOOGL
2025-06-27,495.94000244140625,MSFT
2025-06-27,157.75,NVDA
2025-06-30,205.1699981689453,AAPL
2025-06-30,176.22999572753906,GOOGL
2025-06-30,497.4100036621094,MSFT
2025-06-30,157.99000549316406,NVDA
